;遥测表
;所属厂站,所属通道,所属RTU,编号,名称,描述,地址,备地址,所属间隔,所属设备,点类型,量程单位,工程量程,规约量程,工程值转换系数,工程值偏移量,小数位数,人工置数值,零漂死区,一级低限值,一级高限值,二级低限值,二级高限值,越限返回死区值,画面名称,存储周期,秒存储周期,对应遥信点,属性,报警属性,统计属性,电压报警属性,电压统计属性
1,1,1,1,"RTU001_YC00001","1#高后备_IA","801H","0H",0,0,1,0,0,0,1,0,2,0,0,0,0,0,0,0,"",0,1,0,2,0,0,0,0
1,1,1,2,"RTU001_YC00002","1#高后备_IB","802H","0H",0,0,1,0,0,0,1,0,2,0,0,0,0,0,0,0,"",0,0,0,2,0,0,0,0
1,1,1,3,"RTU001_YC00003","1#高后备_IC","803H","0H",0,0,1,0,0,0,1,0,2,0,0,0,0,0,0,0,"",0,0,0,2,0,0,0,0
1,1,1,4,"RTU001_YC00004","1#高后备_Uab","804H","0H",0,0,2,0,0,0,1,0,2,0,0,0,0,0,0,0,"",0,0,0,2,0,0,0,0
1,1,1,5,"RTU001_YC00005","1#高后备_Ubc","805H","0H",0,0,2,0,0,0,1,0,2,0,0,0,0,0,0,0,"",0,0,0,2,0,0,0,0
1,1,1,6,"RTU001_YC00006","1#高后备_Uca","806H","0H",0,0,2,0,0,0,1,0,2,0,0,0,0,0,0,0,"",0,0,0,2,0,0,0,0
1,1,1,7,"RTU001_YC00007","1#高后备_U0","807H","0H",0,0,2,0,0,0,1,0,2,0,0,0,0,0,0,0,"",0,0,0,2,0,0,0,0
1,1,1,8,"RTU001_YC00008","1#高后备_I0","808H","0H",0,0,8,0,0,0,1,0,3,0,0,0,0,0,0,0,"",0,0,0,2,0,0,0,0
1,1,1,9,"RTU001_YC00009","1#高后备_有功功率","809H","0H",0,0,3,0,0,0,1,0,2,0,0,0,0,0,0,0,"",0,0,0,2,0,0,0,0
1,1,1,10,"RTU001_YC00010","1#高后备_无功功率","80AH","0H",0,0,4,0,0,0,1,0,2,0,0,0,0,0,0,0,"",0,0,0,2,0,0,0,0
1,1,1,11,"RTU001_YC00011","1#高后备_功率因数","80BH","0H",0,0,5,0,0,0,1,0,2,0,0,0,0,0,0,0,"",0,0,0,2,0,0,0,0
1,1,1,12,"RTU001_YC00012","1#高后备_频率","80CH","0H",0,0,7,0,0,0,1,0,2,0,0,0,0,0,0,0,"",0,0,0,2,0,0,0,0
1,1,1,13,"RTU001_YC00013","1#高后备_温度1","80DH","0H",0,0,6,0,0,0,1,0,2,0,0,0,0,0,0,0,"",0,0,0,2,0,0,0,0
1,1,1,14,"RTU001_YC00014","1#高后备_湿度1","80EH","0H",0,0,0,0,0,0,1,0,2,0,0,0,0,0,0,0,"",0,0,0,2,0,0,0,0
1,1,1,15,"RTU001_YC00015","1#高后备_温度2","80FH","0H",0,0,6,0,0,0,1,0,2,0,0,0,0,0,0,0,"",0,0,0,2,0,0,0,0
1,1,1,16,"RTU001_YC00016","1#高后备_湿度2","810H","0H",0,0,0,0,0,0,1,0,2,0,0,0,0,0,0,0,"",0,0,0,2,0,0,0,0
1,1,1,17,"RTU001_YC00017","1#高后备_DC","811H","0H",0,0,0,0,0,0,1,0,2,0,0,0,0,0,0,0,"",0,0,0,2,0,0,0,0
1,1,2,18,"RTU002_YC00018","1#低后备_IA","801H","0H",0,0,1,0,0,0,1,0,2,0,0,0,0,0,0,0,"",0,0,0,2,0,0,0,0
1,1,2,19,"RTU002_YC00019","1#低后备_IB","802H","0H",0,0,1,0,0,0,1,0,2,0,0,0,0,0,0,0,"",0,0,0,2,0,0,0,0
1,1,2,20,"RTU002_YC00020","1#低后备_IC","803H","0H",0,0,1,0,0,0,1,0,2,0,0,0,0,0,0,0,"",0,0,0,2,0,0,0,0
1,1,2,21,"RTU002_YC00021","1#低后备_Uab","804H","0H",0,0,2,0,0,0,1,0,2,0,0,0,0,0,0,0,"",0,0,0,2,0,0,0,0
1,1,2,22,"RTU002_YC00022","1#低后备_Ubc","805H","0H",0,0,2,0,0,0,1,0,2,0,0,0,0,0,0,0,"",0,0,0,2,0,0,0,0
1,1,2,23,"RTU002_YC00023","1#低后备_Uca","806H","0H",0,0,2,0,0,0,1,0,2,0,0,0,0,0,0,0,"",0,0,0,2,0,0,0,0
1,1,2,24,"RTU002_YC00024","1#低后备_U0","807H","0H",0,0,2,0,0,0,1,0,2,0,0,0,0,0,0,0,"",0,0,0,2,0,0,0,0
1,1,2,25,"RTU002_YC00025","1#低后备_I0","808H","0H",0,0,8,0,0,0,1,0,3,0,0,0,0,0,0,0,"",0,0,0,2,0,0,0,0
1,1,2,26,"RTU002_YC00026","1#低后备_有功功率","809H","0H",0,0,3,0,0,0,1,0,2,0,0,0,0,0,0,0,"",0,0,0,2,0,0,0,0
1,1,2,27,"RTU002_YC00027","1#低后备_无功功率","80AH","0H",0,0,4,0,0,0,1,0,2,0,0,0,0,0,0,0,"",0,0,0,2,0,0,0,0
1,1,2,28,"RTU002_YC00028","1#低后备_功率因数","80BH","0H",0,0,5,0,0,0,1,0,2,0,0,0,0,0,0,0,"",0,0,0,2,0,0,0,0
1,1,2,29,"RTU002_YC00029","1#低后备_频率","80CH","0H",0,0,7,0,0,0,1,0,2,0,0,0,0,0,0,0,"",0,0,0,2,0,0,0,0
1,1,2,30,"RTU002_YC00030","1#低后备_温度1","80DH","0H",0,0,6,0,0,0,1,0,2,0,0,0,0,0,0,0,"",0,0,0,2,0,0,0,0
1,1,2,31,"RTU002_YC00031","1#低后备_湿度1","80EH","0H",0,0,0,0,0,0,1,0,2,0,0,0,0,0,0,0,"",0,0,0,2,0,0,0,0
1,1,2,32,"RTU002_YC00032","1#低后备_温度2","80FH","0H",0,0,6,0,0,0,1,0,2,0,0,0,0,0,0,0,"",0,0,0,2,0,0,0,0
1,1,2,33,"RTU002_YC00033","1#低后备_湿度2","810H","0H",0,0,0,0,0,0,1,0,2,0,0,0,0,0,0,0,"",0,0,0,2,0,0,0,0
1,1,2,34,"RTU002_YC00034","1#低后备_DC","811H","0H",0,0,0,0,0,0,1,0,2,0,0,0,0,0,0,0,"",0,0,0,2,0,0,0,0
1,1,3,35,"RTU003_YC00035","1#差动保护_IA","801H","0H",0,0,1,0,0,0,1,0,2,0,0,0,0,0,0,0,"",0,0,0,2,0,0,0,0
1,1,3,36,"RTU003_YC00036","1#差动保护_IB","802H","0H",0,0,1,0,0,0,1,0,2,0,0,0,0,0,0,0,"",0,0,0,2,0,0,0,0
1,1,3,37,"RTU003_YC00037","1#差动保护_IC","803H","0H",0,0,1,0,0,0,1,0,2,0,0,0,0,0,0,0,"",0,0,0,2,0,0,0,0
1,1,3,38,"RTU003_YC00038","1#差动保护_Uab","804H","0H",0,0,2,0,0,0,1,0,2,0,0,0,0,0,0,0,"",0,0,0,2,0,0,0,0
1,1,3,39,"RTU003_YC00039","1#差动保护_Ubc","805H","0H",0,0,2,0,0,0,1,0,2,0,0,0,0,0,0,0,"",0,0,0,2,0,0,0,0
1,1,3,40,"RTU003_YC00040","1#差动保护_Uca","806H","0H",0,0,2,0,0,0,1,0,2,0,0,0,0,0,0,0,"",0,0,0,2,0,0,0,0
1,1,3,41,"RTU003_YC00041","1#差动保护_I0","807H","0H",0,0,8,0,0,0,1,0,3,0,0,0,0,0,0,0,"",0,0,0,2,0,0,0,0
1,1,3,42,"RTU003_YC00042","1#差动保护_I0L","808H","0H",0,0,1,0,0,0,1,0,2,0,0,0,0,0,0,0,"",0,0,0,2,0,0,0,0
1,1,3,43,"RTU003_YC00043","1#差动保护_有功功率","809H","0H",0,0,3,0,0,0,1,0,2,0,0,0,0,0,0,0,"",0,0,0,2,0,0,0,0
1,1,3,44,"RTU003_YC00044","1#差动保护_无功功率","80AH","0H",0,0,4,0,0,0,1,0,2,0,0,0,0,0,0,0,"",0,0,0,2,0,0,0,0
1,1,3,45,"RTU003_YC00045","1#差动保护_功率因数","80BH","0H",0,0,5,0,0,0,1,0,2,0,0,0,0,0,0,0,"",0,0,0,2,0,0,0,0
1,1,3,46,"RTU003_YC00046","1#差动保护_频率","80CH","0H",0,0,7,0,0,0,1,0,2,0,0,0,0,0,0,0,"",0,0,0,2,0,0,0,0
1,1,3,47,"RTU003_YC00047","1#差动保护_温度1","80DH","0H",0,0,6,0,0,0,1,0,2,0,0,0,0,0,0,0,"",0,0,0,2,0,0,0,0
1,1,3,48,"RTU003_YC00048","1#差动保护_湿度1","80EH","0H",0,0,0,0,0,0,1,0,2,0,0,0,0,0,0,0,"",0,0,0,2,0,0,0,0
1,1,3,49,"RTU003_YC00049","1#差动保护_温度2","80FH","0H",0,0,6,0,0,0,1,0,2,0,0,0,0,0,0,0,"",0,0,0,2,0,0,0,0
1,1,3,50,"RTU003_YC00050","1#差动保护_湿度2","810H","0H",0,0,0,0,0,0,1,0,2,0,0,0,0,0,0,0,"",0,0,0,2,0,0,0,0
1,1,3,51,"RTU003_YC00051","1#差动保护_DC","811H","0H",0,0,0,0,0,0,1,0,2,0,0,0,0,0,0,0,"",0,0,0,2,0,0,0,0
1,1,4,52,"RTU004_YC00052","1#电容器保护_IA","801H","0H",0,0,1,0,0,0,1,0,2,0,0,0,0,0,0,0,"",0,0,0,2,0,0,0,0
1,1,4,53,"RTU004_YC00053","1#电容器保护_IB","802H","0H",0,0,1,0,0,0,1,0,2,0,0,0,0,0,0,0,"",0,0,0,2,0,0,0,0
1,1,4,54,"RTU004_YC00054","1#电容器保护_IC","803H","0H",0,0,1,0,0,0,1,0,2,0,0,0,0,0,0,0,"",0,0,0,2,0,0,0,0
1,1,4,55,"RTU004_YC00055","1#电容器保护_Uab","804H","0H",0,0,2,0,0,0,1,0,2,0,0,0,0,0,0,0,"",0,0,0,2,0,0,0,0
1,1,4,56,"RTU004_YC00056","1#电容器保护_Ubc","805H","0H",0,0,2,0,0,0,1,0,2,0,0,0,0,0,0,0,"",0,0,0,2,0,0,0,0
1,1,4,57,"RTU004_YC00057","1#电容器保护_Uca","806H","0H",0,0,2,0,0,0,1,0,2,0,0,0,0,0,0,0,"",0,0,0,2,0,0,0,0
1,1,4,58,"RTU004_YC00058","1#电容器保护_I0","807H","0H",0,0,8,0,0,0,1,0,3,0,0,0,0,0,0,0,"",0,0,0,2,0,0,0,0
1,1,4,59,"RTU004_YC00059","1#电容器保护_有功功率","808H","0H",0,0,3,0,0,0,1,0,1,0,0,0,0,0,0,0,"",0,0,0,2,0,0,0,0
1,1,4,60,"RTU004_YC00060","1#电容器保护_无功功率","809H","0H",0,0,4,0,0,0,1,0,1,0,0,0,0,0,0,0,"",0,0,0,2,0,0,0,0
1,1,4,61,"RTU004_YC00061","1#电容器保护_功率因数","80AH","0H",0,0,5,0,0,0,1,0,3,0,0,0,0,0,0,0,"",0,0,0,2,0,0,0,0
1,1,4,62,"RTU004_YC00062","1#电容器保护_频率","80BH","0H",0,0,7,0,0,0,1,0,2,0,0,0,0,0,0,0,"",0,0,0,2,0,0,0,0
1,1,4,63,"RTU004_YC00063","1#电容器保护_温度1","80CH","0H",0,0,6,0,0,0,1,0,2,0,0,0,0,0,0,0,"",0,0,0,2,0,0,0,0
1,1,4,64,"RTU004_YC00064","1#电容器保护_湿度1","80DH","0H",0,0,0,0,0,0,1,0,2,0,0,0,0,0,0,0,"",0,0,0,2,0,0,0,0
1,1,4,65,"RTU004_YC00065","1#电容器保护_温度2","80EH","0H",0,0,6,0,0,0,1,0,2,0,0,0,0,0,0,0,"",0,0,0,2,0,0,0,0
1,1,4,66,"RTU004_YC00066","1#电容器保护_湿度2","80FH","0H",0,0,0,0,0,0,1,0,2,0,0,0,0,0,0,0,"",0,0,0,2,0,0,0,0
1,1,4,67,"RTU004_YC00067","1#电容器保护_DC","810H","0H",0,0,0,0,0,0,1,0,2,0,0,0,0,0,0,0,"",0,0,0,2,0,0,0,0
1,1,5,68,"RTU005_YC00068","1#PT柜保护_Ua1","801H","0H",0,0,2,0,0,0,1,0,2,0,0,0,0,0,0,0,"",0,0,0,2,0,0,0,0
1,1,5,69,"RTU005_YC00069","1#PT柜保护_Ub1","802H","0H",0,0,2,0,0,0,1,0,2,0,0,0,0,0,0,0,"",0,0,0,2,0,0,0,0
1,1,5,70,"RTU005_YC00070","1#PT柜保护_Uc1","803H","0H",0,0,2,0,0,0,1,0,2,0,0,0,0,0,0,0,"",0,0,0,2,0,0,0,0
1,1,5,71,"RTU005_YC00071","1#PT柜保护_Uab1","804H","0H",0,0,2,0,0,0,1,0,2,0,0,0,0,0,0,0,"",0,0,0,2,0,0,0,0
1,1,5,72,"RTU005_YC00072","1#PT柜保护_Ubc1","805H","0H",0,0,2,0,0,0,1,0,2,0,0,0,0,0,0,0,"",0,0,0,2,0,0,0,0
1,1,5,73,"RTU005_YC00073","1#PT柜保护_Uca1","806H","0H",0,0,2,0,0,0,1,0,2,0,0,0,0,0,0,0,"",0,0,0,2,0,0,0,0
1,1,5,74,"RTU005_YC00074","1#PT柜保护_U01","807H","0H",0,0,2,0,0,0,1,0,2,0,0,0,0,0,0,0,"",0,0,0,2,0,0,0,0
1,1,5,75,"RTU005_YC00075","1#PT柜保护_F1","808H","0H",0,0,7,0,0,0,1,0,2,0,0,0,0,0,0,0,"",0,0,0,2,0,0,0,0
1,1,5,76,"RTU005_YC00076","1#PT柜保护_Ua2","809H","0H",0,0,2,0,0,0,1,0,2,0,0,0,0,0,0,0,"",0,0,0,2,0,0,0,0
1,1,5,77,"RTU005_YC00077","1#PT柜保护_Ub2","80AH","0H",0,0,2,0,0,0,1,0,2,0,0,0,0,0,0,0,"",0,0,0,2,0,0,0,0
1,1,5,78,"RTU005_YC00078","1#PT柜保护_Uc2","80BH","0H",0,0,2,0,0,0,1,0,2,0,0,0,0,0,0,0,"",0,0,0,2,0,0,0,0
1,1,5,79,"RTU005_YC00079","1#PT柜保护_Uab2","80CH","0H",0,0,2,0,0,0,1,0,2,0,0,0,0,0,0,0,"",0,0,0,2,0,0,0,0
1,1,5,80,"RTU005_YC00080","1#PT柜保护_Ubc2","80DH","0H",0,0,2,0,0,0,1,0,2,0,0,0,0,0,0,0,"",0,0,0,2,0,0,0,0
1,1,5,81,"RTU005_YC00081","1#PT柜保护_Uca2","80EH","0H",0,0,2,0,0,0,1,0,2,0,0,0,0,0,0,0,"",0,0,0,2,0,0,0,0
1,1,5,82,"RTU005_YC00082","1#PT柜保护_U02","80FH","0H",0,0,2,0,0,0,1,0,2,0,0,0,0,0,0,0,"",0,0,0,2,0,0,0,0
1,1,5,83,"RTU005_YC00083","1#PT柜保护_F2","810H","0H",0,0,7,0,0,0,1,0,2,0,0,0,0,0,0,0,"",0,0,0,2,0,0,0,0
1,1,5,84,"RTU005_YC00084","1#PT柜保护_温度1","811H","0H",0,0,6,0,0,0,1,0,2,0,0,0,0,0,0,0,"",0,0,0,2,0,0,0,0
1,1,5,85,"RTU005_YC00085","1#PT柜保护_湿度1","812H","0H",0,0,0,0,0,0,1,0,2,0,0,0,0,0,0,0,"",0,0,0,2,0,0,0,0
1,1,5,86,"RTU005_YC00086","1#PT柜保护_温度2","813H","0H",0,0,6,0,0,0,1,0,2,0,0,0,0,0,0,0,"",0,0,0,2,0,0,0,0
1,1,5,87,"RTU005_YC00087","1#PT柜保护_湿度2","814H","0H",0,0,0,0,0,0,1,0,2,0,0,0,0,0,0,0,"",0,0,0,2,0,0,0,0
1,1,6,88,"RTU006_YC00088","1#馈线保护1_IA","801H","0H",0,0,1,0,0,0,1,0,2,0,0,0,0,0,0,0,"",0,0,0,2,0,0,0,0
1,1,6,89,"RTU006_YC00089","1#馈线保护1_IB","802H","0H",0,0,1,0,0,0,1,0,2,0,0,0,0,0,0,0,"",0,0,0,2,0,0,0,0
1,1,6,90,"RTU006_YC00090","1#馈线保护1_IC","803H","0H",0,0,1,0,0,0,1,0,2,0,0,0,0,0,0,0,"",0,0,0,2,0,0,0,0
1,1,6,91,"RTU006_YC00091","1#馈线保护1_Uab","804H","0H",0,0,2,0,0,0,1,0,2,0,0,0,0,0,0,0,"",0,0,0,2,0,0,0,0
1,1,6,92,"RTU006_YC00092","1#馈线保护1_Ubc","805H","0H",0,0,2,0,0,0,1,0,2,0,0,0,0,0,0,0,"",0,0,0,2,0,0,0,0
1,1,6,93,"RTU006_YC00093","1#馈线保护1_Uca","806H","0H",0,0,2,0,0,0,1,0,2,0,0,0,0,0,0,0,"",0,0,0,2,0,0,0,0
1,1,6,94,"RTU006_YC00094","1#馈线保护1_U0","807H","0H",0,0,2,0,0,0,1,0,2,0,0,0,0,0,0,0,"",0,0,0,2,0,0,0,0
1,1,6,95,"RTU006_YC00095","1#馈线保护1_I0","808H","0H",0,0,8,0,0,0,1,0,3,0,0,0,0,0,0,0,"",0,0,0,2,0,0,0,0
1,1,6,96,"RTU006_YC00096","1#馈线保护1_UL","809H","0H",0,0,2,0,0,0,1,0,2,0,0,0,0,0,0,0,"",0,0,0,2,0,0,0,0
1,1,6,97,"RTU006_YC00097","1#馈线保护1_有功功率","80AH","0H",0,0,3,0,0,0,1,0,1,0,0,0,0,0,0,0,"",0,0,0,2,0,0,0,0
1,1,6,98,"RTU006_YC00098","1#馈线保护1_无功功率","80BH","0H",0,0,4,0,0,0,1,0,1,0,0,0,0,0,0,0,"",0,0,0,2,0,0,0,0
1,1,6,99,"RTU006_YC00099","1#馈线保护1_功率因数","80CH","0H",0,0,5,0,0,0,1,0,3,0,0,0,0,0,0,0,"",0,0,0,2,0,0,0,0
1,1,6,100,"RTU006_YC00100","1#馈线保护1_母线频率","80DH","0H",0,0,7,0,0,0,1,0,2,0,0,0,0,0,0,0,"",0,0,0,2,0,0,0,0
1,1,6,101,"RTU006_YC00101","1#馈线保护1_线路频率","80EH","0H",0,0,7,0,0,0,1,0,2,0,0,0,0,0,0,0,"",0,0,0,2,0,0,0,0
1,1,6,102,"RTU006_YC00102","1#馈线保护1_温度1","80FH","0H",0,0,6,0,0,0,1,0,2,0,0,0,0,0,0,0,"",0,0,0,2,0,0,0,0
1,1,6,103,"RTU006_YC00103","1#馈线保护1_湿度1","810H","0H",0,0,0,0,0,0,1,0,2,0,0,0,0,0,0,0,"",0,0,0,2,0,0,0,0
1,1,6,104,"RTU006_YC00104","1#馈线保护1_温度2","811H","0H",0,0,6,0,0,0,1,0,2,0,0,0,0,0,0,0,"",0,0,0,2,0,0,0,0
1,1,6,105,"RTU006_YC00105","1#馈线保护1_湿度2","812H","0H",0,0,0,0,0,0,1,0,2,0,0,0,0,0,0,0,"",0,0,0,2,0,0,0,0
1,1,6,106,"RTU006_YC00106","1#馈线保护1_DC","813H","0H",0,0,0,0,0,0,1,0,2,0,0,0,0,0,0,0,"",0,0,0,2,0,0,0,0
1,1,7,107,"RTU007_YC00107","1#馈线保护2_IA","801H","0H",0,0,1,0,0,0,1,0,2,0,0,0,0,0,0,0,"",0,0,0,2,0,0,0,0
1,1,7,108,"RTU007_YC00108","1#馈线保护2_IB","802H","0H",0,0,1,0,0,0,1,0,2,0,0,0,0,0,0,0,"",0,0,0,2,0,0,0,0
1,1,7,109,"RTU007_YC00109","1#馈线保护2_IC","803H","0H",0,0,1,0,0,0,1,0,2,0,0,0,0,0,0,0,"",0,0,0,2,0,0,0,0
1,1,7,110,"RTU007_YC00110","1#馈线保护2_Uab","804H","0H",0,0,2,0,0,0,1,0,2,0,0,0,0,0,0,0,"",0,0,0,2,0,0,0,0
1,1,7,111,"RTU007_YC00111","1#馈线保护2_Ubc","805H","0H",0,0,2,0,0,0,1,0,2,0,0,0,0,0,0,0,"",0,0,0,2,0,0,0,0
1,1,7,112,"RTU007_YC00112","1#馈线保护2_Uca","806H","0H",0,0,2,0,0,0,1,0,2,0,0,0,0,0,0,0,"",0,0,0,2,0,0,0,0
1,1,7,113,"RTU007_YC00113","1#馈线保护2_U0","807H","0H",0,0,2,0,0,0,1,0,2,0,0,0,0,0,0,0,"",0,0,0,2,0,0,0,0
1,1,7,114,"RTU007_YC00114","1#馈线保护2_I0","808H","0H",0,0,8,0,0,0,1,0,3,0,0,0,0,0,0,0,"",0,0,0,2,0,0,0,0
1,1,7,115,"RTU007_YC00115","1#馈线保护2_UL","809H","0H",0,0,2,0,0,0,1,0,2,0,0,0,0,0,0,0,"",0,0,0,2,0,0,0,0
1,1,7,116,"RTU007_YC00116","1#馈线保护2_有功功率","80AH","0H",0,0,3,0,0,0,1,0,1,0,0,0,0,0,0,0,"",0,0,0,2,0,0,0,0
1,1,7,117,"RTU007_YC00117","1#馈线保护2_无功功率","80BH","0H",0,0,4,0,0,0,1,0,1,0,0,0,0,0,0,0,"",0,0,0,2,0,0,0,0
1,1,7,118,"RTU007_YC00118","1#馈线保护2_功率因数","80CH","0H",0,0,5,0,0,0,1,0,3,0,0,0,0,0,0,0,"",0,0,0,2,0,0,0,0
1,1,7,119,"RTU007_YC00119","1#馈线保护2_母线频率","80DH","0H",0,0,7,0,0,0,1,0,2,0,0,0,0,0,0,0,"",0,0,0,2,0,0,0,0
1,1,7,120,"RTU007_YC00120","1#馈线保护2_线路频率","80EH","0H",0,0,7,0,0,0,1,0,2,0,0,0,0,0,0,0,"",0,0,0,2,0,0,0,0
1,1,7,121,"RTU007_YC00121","1#馈线保护2_温度1","80FH","0H",0,0,6,0,0,0,1,0,2,0,0,0,0,0,0,0,"",0,0,0,2,0,0,0,0
1,1,7,122,"RTU007_YC00122","1#馈线保护2_湿度1","810H","0H",0,0,0,0,0,0,1,0,2,0,0,0,0,0,0,0,"",0,0,0,2,0,0,0,0
1,1,7,123,"RTU007_YC00123","1#馈线保护2_温度2","811H","0H",0,0,6,0,0,0,1,0,2,0,0,0,0,0,0,0,"",0,0,0,2,0,0,0,0
1,1,7,124,"RTU007_YC00124","1#馈线保护2_湿度2","812H","0H",0,0,0,0,0,0,1,0,2,0,0,0,0,0,0,0,"",0,0,0,2,0,0,0,0
1,1,7,125,"RTU007_YC00125","1#馈线保护2_DC","813H","0H",0,0,0,0,0,0,1,0,2,0,0,0,0,0,0,0,"",0,0,0,2,0,0,0,0
1,1,8,126,"RTU008_YC00126","1#馈线保护3_IA","801H","0H",0,0,1,0,0,0,1,0,2,0,0,0,0,0,0,0,"",0,0,0,2,0,0,0,0
1,1,8,127,"RTU008_YC00127","1#馈线保护3_IB","802H","0H",0,0,1,0,0,0,1,0,2,0,0,0,0,0,0,0,"",0,0,0,2,0,0,0,0
1,1,8,128,"RTU008_YC00128","1#馈线保护3_IC","803H","0H",0,0,1,0,0,0,1,0,2,0,0,0,0,0,0,0,"",0,0,0,2,0,0,0,0
1,1,8,129,"RTU008_YC00129","1#馈线保护3_Uab","804H","0H",0,0,2,0,0,0,1,0,2,0,0,0,0,0,0,0,"",0,0,0,2,0,0,0,0
1,1,8,130,"RTU008_YC00130","1#馈线保护3_Ubc","805H","0H",0,0,2,0,0,0,1,0,2,0,0,0,0,0,0,0,"",0,0,0,2,0,0,0,0
1,1,8,131,"RTU008_YC00131","1#馈线保护3_Uca","806H","0H",0,0,2,0,0,0,1,0,2,0,0,0,0,0,0,0,"",0,0,0,2,0,0,0,0
1,1,8,132,"RTU008_YC00132","1#馈线保护3_U0","807H","0H",0,0,2,0,0,0,1,0,2,0,0,0,0,0,0,0,"",0,0,0,2,0,0,0,0
1,1,8,133,"RTU008_YC00133","1#馈线保护3_I0","808H","0H",0,0,8,0,0,0,1,0,3,0,0,0,0,0,0,0,"",0,0,0,2,0,0,0,0
1,1,8,134,"RTU008_YC00134","1#馈线保护3_UL","809H","0H",0,0,2,0,0,0,1,0,2,0,0,0,0,0,0,0,"",0,0,0,2,0,0,0,0
1,1,8,135,"RTU008_YC00135","1#馈线保护3_有功功率","80AH","0H",0,0,3,0,0,0,1,0,1,0,0,0,0,0,0,0,"",0,0,0,2,0,0,0,0
1,1,8,136,"RTU008_YC00136","1#馈线保护3_无功功率","80BH","0H",0,0,4,0,0,0,1,0,1,0,0,0,0,0,0,0,"",0,0,0,2,0,0,0,0
1,1,8,137,"RTU008_YC00137","1#馈线保护3_功率因数","80CH","0H",0,0,5,0,0,0,1,0,3,0,0,0,0,0,0,0,"",0,0,0,2,0,0,0,0
1,1,8,138,"RTU008_YC00138","1#馈线保护3_母线频率","80DH","0H",0,0,7,0,0,0,1,0,2,0,0,0,0,0,0,0,"",0,0,0,2,0,0,0,0
1,1,8,139,"RTU008_YC00139","1#馈线保护3_线路频率","80EH","0H",0,0,7,0,0,0,1,0,2,0,0,0,0,0,0,0,"",0,0,0,2,0,0,0,0
1,1,8,140,"RTU008_YC00140","1#馈线保护3_温度1","80FH","0H",0,0,6,0,0,0,1,0,2,0,0,0,0,0,0,0,"",0,0,0,2,0,0,0,0
1,1,8,141,"RTU008_YC00141","1#馈线保护3_湿度1","810H","0H",0,0,0,0,0,0,1,0,2,0,0,0,0,0,0,0,"",0,0,0,2,0,0,0,0
1,1,8,142,"RTU008_YC00142","1#馈线保护3_温度2","811H","0H",0,0,6,0,0,0,1,0,2,0,0,0,0,0,0,0,"",0,0,0,2,0,0,0,0
1,1,8,143,"RTU008_YC00143","1#馈线保护3_湿度2","812H","0H",0,0,0,0,0,0,1,0,2,0,0,0,0,0,0,0,"",0,0,0,2,0,0,0,0
1,1,8,144,"RTU008_YC00144","1#馈线保护3_DC","813H","0H",0,0,0,0,0,0,1,0,2,0,0,0,0,0,0,0,"",0,0,0,2,0,0,0,0
1,1,9,145,"RTU009_YC00145","母联保护_IA","801H","0H",0,0,1,0,0,0,1,0,2,0,0,0,0,0,0,0,"",0,0,0,2,0,0,0,0
1,1,9,146,"RTU009_YC00146","母联保护_IB","802H","0H",0,0,1,0,0,0,1,0,2,0,0,0,0,0,0,0,"",0,0,0,2,0,0,0,0
1,1,9,147,"RTU009_YC00147","母联保护_IC","803H","0H",0,0,1,0,0,0,1,0,2,0,0,0,0,0,0,0,"",0,0,0,2,0,0,0,0
1,1,9,148,"RTU009_YC00148","母联保护_Uab","804H","0H",0,0,2,0,0,0,1,0,2,0,0,0,0,0,0,0,"",0,0,0,2,0,0,0,0
1,1,9,149,"RTU009_YC00149","母联保护_Ubc","805H","0H",0,0,2,0,0,0,1,0,2,0,0,0,0,0,0,0,"",0,0,0,2,0,0,0,0
1,1,9,150,"RTU009_YC00150","母联保护_Uca","806H","0H",0,0,2,0,0,0,1,0,2,0,0,0,0,0,0,0,"",0,0,0,2,0,0,0,0
1,1,9,151,"RTU009_YC00151","母联保护_U0","807H","0H",0,0,2,0,0,0,1,0,2,0,0,0,0,0,0,0,"",0,0,0,2,0,0,0,0
1,1,9,152,"RTU009_YC00152","母联保护_I0","808H","0H",0,0,8,0,0,0,1,0,3,0,0,0,0,0,0,0,"",0,0,0,2,0,0,0,0
1,1,9,153,"RTU009_YC00153","母联保护_UL","809H","0H",0,0,2,0,0,0,1,0,2,0,0,0,0,0,0,0,"",0,0,0,2,0,0,0,0
1,1,9,154,"RTU009_YC00154","母联保护_有功功率","80AH","0H",0,0,3,0,0,0,1,0,1,0,0,0,0,0,0,0,"",0,0,0,2,0,0,0,0
1,1,9,155,"RTU009_YC00155","母联保护_无功功率","80BH","0H",0,0,4,0,0,0,1,0,1,0,0,0,0,0,0,0,"",0,0,0,2,0,0,0,0
1,1,9,156,"RTU009_YC00156","母联保护_功率因数","80CH","0H",0,0,5,0,0,0,1,0,3,0,0,0,0,0,0,0,"",0,0,0,2,0,0,0,0
1,1,9,157,"RTU009_YC00157","母联保护_母线频率","80DH","0H",0,0,7,0,0,0,1,0,2,0,0,0,0,0,0,0,"",0,0,0,2,0,0,0,0
1,1,9,158,"RTU009_YC00158","母联保护_线路频率","80EH","0H",0,0,7,0,0,0,1,0,2,0,0,0,0,0,0,0,"",0,0,0,2,0,0,0,0
1,1,9,159,"RTU009_YC00159","母联保护_温度1","80FH","0H",0,0,6,0,0,0,1,0,2,0,0,0,0,0,0,0,"",0,0,0,2,0,0,0,0
1,1,9,160,"RTU009_YC00160","母联保护_湿度1","810H","0H",0,0,0,0,0,0,1,0,2,0,0,0,0,0,0,0,"",0,0,0,2,0,0,0,0
1,1,9,161,"RTU009_YC00161","母联保护_温度2","811H","0H",0,0,6,0,0,0,1,0,2,0,0,0,0,0,0,0,"",0,0,0,2,0,0,0,0
1,1,9,162,"RTU009_YC00162","母联保护_湿度2","812H","0H",0,0,0,0,0,0,1,0,2,0,0,0,0,0,0,0,"",0,0,0,2,0,0,0,0
1,1,9,163,"RTU009_YC00163","母联保护_DC","813H","0H",0,0,0,0,0,0,1,0,2,0,0,0,0,0,0,0,"",0,0,0,2,0,0,0,0
1,1,10,164,"RTU010_YC00164","2#高后备保护_IA","801H","0H",0,0,1,0,0,0,1,0,2,0,0,0,0,0,0,0,"",0,0,0,2,0,0,0,0
1,1,10,165,"RTU010_YC00165","2#高后备保护_IB","802H","0H",0,0,1,0,0,0,1,0,2,0,0,0,0,0,0,0,"",0,0,0,2,0,0,0,0
1,1,10,166,"RTU010_YC00166","2#高后备保护_IC","803H","0H",0,0,1,0,0,0,1,0,2,0,0,0,0,0,0,0,"",0,0,0,2,0,0,0,0
1,1,10,167,"RTU010_YC00167","2#高后备保护_Uab","804H","0H",0,0,2,0,0,0,1,0,2,0,0,0,0,0,0,0,"",0,0,0,2,0,0,0,0
1,1,10,168,"RTU010_YC00168","2#高后备保护_Ubc","805H","0H",0,0,2,0,0,0,1,0,2,0,0,0,0,0,0,0,"",0,0,0,2,0,0,0,0
1,1,10,169,"RTU010_YC00169","2#高后备保护_Uca","806H","0H",0,0,2,0,0,0,1,0,2,0,0,0,0,0,0,0,"",0,0,0,2,0,0,0,0
1,1,10,170,"RTU010_YC00170","2#高后备保护_U0","807H","0H",0,0,2,0,0,0,1,0,2,0,0,0,0,0,0,0,"",0,0,0,2,0,0,0,0
1,1,10,171,"RTU010_YC00171","2#高后备保护_I0","808H","0H",0,0,8,0,0,0,1,0,3,0,0,0,0,0,0,0,"",0,0,0,2,0,0,0,0
1,1,10,172,"RTU010_YC00172","2#高后备保护_有功功率","809H","0H",0,0,3,0,0,0,1,0,2,0,0,0,0,0,0,0,"",0,0,0,2,0,0,0,0
1,1,10,173,"RTU010_YC00173","2#高后备保护_无功功率","80AH","0H",0,0,4,0,0,0,1,0,2,0,0,0,0,0,0,0,"",0,0,0,2,0,0,0,0
1,1,10,174,"RTU010_YC00174","2#高后备保护_功率因数","80BH","0H",0,0,5,0,0,0,1,0,2,0,0,0,0,0,0,0,"",0,0,0,2,0,0,0,0
1,1,10,175,"RTU010_YC00175","2#高后备保护_频率","80CH","0H",0,0,7,0,0,0,1,0,2,0,0,0,0,0,0,0,"",0,0,0,2,0,0,0,0
1,1,10,176,"RTU010_YC00176","2#高后备保护_温度1","80DH","0H",0,0,6,0,0,0,1,0,2,0,0,0,0,0,0,0,"",0,0,0,2,0,0,0,0
1,1,10,177,"RTU010_YC00177","2#高后备保护_湿度1","80EH","0H",0,0,0,0,0,0,1,0,2,0,0,0,0,0,0,0,"",0,0,0,2,0,0,0,0
1,1,10,178,"RTU010_YC00178","2#高后备保护_温度2","80FH","0H",0,0,6,0,0,0,1,0,2,0,0,0,0,0,0,0,"",0,0,0,2,0,0,0,0
1,1,10,179,"RTU010_YC00179","2#高后备保护_湿度2","810H","0H",0,0,0,0,0,0,1,0,2,0,0,0,0,0,0,0,"",0,0,0,2,0,0,0,0
1,1,10,180,"RTU010_YC00180","2#高后备保护_DC","811H","0H",0,0,0,0,0,0,1,0,2,0,0,0,0,0,0,0,"",0,0,0,2,0,0,0,0
1,1,11,181,"RTU011_YC00181","2#低后备保护_IA","801H","0H",0,0,1,0,0,0,1,0,2,0,0,0,0,0,0,0,"",0,0,0,2,0,0,0,0
1,1,11,182,"RTU011_YC00182","2#低后备保护_IB","802H","0H",0,0,1,0,0,0,1,0,2,0,0,0,0,0,0,0,"",0,0,0,2,0,0,0,0
1,1,11,183,"RTU011_YC00183","2#低后备保护_IC","803H","0H",0,0,1,0,0,0,1,0,2,0,0,0,0,0,0,0,"",0,0,0,2,0,0,0,0
1,1,11,184,"RTU011_YC00184","2#低后备保护_Uab","804H","0H",0,0,2,0,0,0,1,0,2,0,0,0,0,0,0,0,"",0,0,0,2,0,0,0,0
1,1,11,185,"RTU011_YC00185","2#低后备保护_Ubc","805H","0H",0,0,2,0,0,0,1,0,2,0,0,0,0,0,0,0,"",0,0,0,2,0,0,0,0
1,1,11,186,"RTU011_YC00186","2#低后备保护_Uca","806H","0H",0,0,2,0,0,0,1,0,2,0,0,0,0,0,0,0,"",0,0,0,2,0,0,0,0
1,1,11,187,"RTU011_YC00187","2#低后备保护_U0","807H","0H",0,0,2,0,0,0,1,0,2,0,0,0,0,0,0,0,"",0,0,0,2,0,0,0,0
1,1,11,188,"RTU011_YC00188","2#低后备保护_I0","808H","0H",0,0,8,0,0,0,1,0,3,0,0,0,0,0,0,0,"",0,0,0,2,0,0,0,0
1,1,11,189,"RTU011_YC00189","2#低后备保护_有功功率","809H","0H",0,0,3,0,0,0,1,0,2,0,0,0,0,0,0,0,"",0,0,0,2,0,0,0,0
1,1,11,190,"RTU011_YC00190","2#低后备保护_无功功率","80AH","0H",0,0,4,0,0,0,1,0,2,0,0,0,0,0,0,0,"",0,0,0,2,0,0,0,0
1,1,11,191,"RTU011_YC00191","2#低后备保护_功率因数","80BH","0H",0,0,5,0,0,0,1,0,2,0,0,0,0,0,0,0,"",0,0,0,2,0,0,0,0
1,1,11,192,"RTU011_YC00192","2#低后备保护_频率","80CH","0H",0,0,7,0,0,0,1,0,2,0,0,0,0,0,0,0,"",0,0,0,2,0,0,0,0
1,1,11,193,"RTU011_YC00193","2#低后备保护_温度1","80DH","0H",0,0,6,0,0,0,1,0,2,0,0,0,0,0,0,0,"",0,0,0,2,0,0,0,0
1,1,11,194,"RTU011_YC00194","2#低后备保护_湿度1","80EH","0H",0,0,0,0,0,0,1,0,2,0,0,0,0,0,0,0,"",0,0,0,2,0,0,0,0
1,1,11,195,"RTU011_YC00195","2#低后备保护_温度2","80FH","0H",0,0,6,0,0,0,1,0,2,0,0,0,0,0,0,0,"",0,0,0,2,0,0,0,0
1,1,11,196,"RTU011_YC00196","2#低后备保护_湿度2","810H","0H",0,0,0,0,0,0,1,0,2,0,0,0,0,0,0,0,"",0,0,0,2,0,0,0,0
1,1,11,197,"RTU011_YC00197","2#低后备保护_DC","811H","0H",0,0,0,0,0,0,1,0,2,0,0,0,0,0,0,0,"",0,0,0,2,0,0,0,0
1,1,12,198,"RTU012_YC00198","2#差动保护_IA","801H","0H",0,0,1,0,0,0,1,0,2,0,0,0,0,0,0,0,"",0,0,0,2,0,0,0,0
1,1,12,199,"RTU012_YC00199","2#差动保护_IB","802H","0H",0,0,1,0,0,0,1,0,2,0,0,0,0,0,0,0,"",0,0,0,2,0,0,0,0
1,1,12,200,"RTU012_YC00200","2#差动保护_IC","803H","0H",0,0,1,0,0,0,1,0,2,0,0,0,0,0,0,0,"",0,0,0,2,0,0,0,0
1,1,12,201,"RTU012_YC00201","2#差动保护_Uab","804H","0H",0,0,2,0,0,0,1,0,2,0,0,0,0,0,0,0,"",0,0,0,2,0,0,0,0
1,1,12,202,"RTU012_YC00202","2#差动保护_Ubc","805H","0H",0,0,2,0,0,0,1,0,2,0,0,0,0,0,0,0,"",0,0,0,2,0,0,0,0
1,1,12,203,"RTU012_YC00203","2#差动保护_Uca","806H","0H",0,0,2,0,0,0,1,0,2,0,0,0,0,0,0,0,"",0,0,0,2,0,0,0,0
1,1,12,204,"RTU012_YC00204","2#差动保护_I0","807H","0H",0,0,8,0,0,0,1,0,3,0,0,0,0,0,0,0,"",0,0,0,2,0,0,0,0
1,1,12,205,"RTU012_YC00205","2#差动保护_I0L","808H","0H",0,0,1,0,0,0,1,0,2,0,0,0,0,0,0,0,"",0,0,0,2,0,0,0,0
1,1,12,206,"RTU012_YC00206","2#差动保护_有功功率","809H","0H",0,0,3,0,0,0,1,0,2,0,0,0,0,0,0,0,"",0,0,0,2,0,0,0,0
1,1,12,207,"RTU012_YC00207","2#差动保护_无功功率","80AH","0H",0,0,4,0,0,0,1,0,2,0,0,0,0,0,0,0,"",0,0,0,2,0,0,0,0
1,1,12,208,"RTU012_YC00208","2#差动保护_功率因数","80BH","0H",0,0,5,0,0,0,1,0,2,0,0,0,0,0,0,0,"",0,0,0,2,0,0,0,0
1,1,12,209,"RTU012_YC00209","2#差动保护_频率","80CH","0H",0,0,7,0,0,0,1,0,2,0,0,0,0,0,0,0,"",0,0,0,2,0,0,0,0
1,1,12,210,"RTU012_YC00210","2#差动保护_温度1","80DH","0H",0,0,6,0,0,0,1,0,2,0,0,0,0,0,0,0,"",0,0,0,2,0,0,0,0
1,1,12,211,"RTU012_YC00211","2#差动保护_湿度1","80EH","0H",0,0,0,0,0,0,1,0,2,0,0,0,0,0,0,0,"",0,0,0,2,0,0,0,0
1,1,12,212,"RTU012_YC00212","2#差动保护_温度2","80FH","0H",0,0,6,0,0,0,1,0,2,0,0,0,0,0,0,0,"",0,0,0,2,0,0,0,0
1,1,12,213,"RTU012_YC00213","2#差动保护_湿度2","810H","0H",0,0,0,0,0,0,1,0,2,0,0,0,0,0,0,0,"",0,0,0,2,0,0,0,0
1,1,12,214,"RTU012_YC00214","2#差动保护_DC","811H","0H",0,0,0,0,0,0,1,0,2,0,0,0,0,0,0,0,"",0,0,0,2,0,0,0,0
1,1,13,215,"RTU013_YC00215","2#电容器保护_IA","801H","0H",0,0,1,0,0,0,1,0,2,0,0,0,0,0,0,0,"",0,0,0,2,0,0,0,0
1,1,13,216,"RTU013_YC00216","2#电容器保护_IB","802H","0H",0,0,1,0,0,0,1,0,2,0,0,0,0,0,0,0,"",0,0,0,2,0,0,0,0
1,1,13,217,"RTU013_YC00217","2#电容器保护_IC","803H","0H",0,0,1,0,0,0,1,0,2,0,0,0,0,0,0,0,"",0,0,0,2,0,0,0,0
1,1,13,218,"RTU013_YC00218","2#电容器保护_Uab","804H","0H",0,0,2,0,0,0,1,0,2,0,0,0,0,0,0,0,"",0,0,0,2,0,0,0,0
1,1,13,219,"RTU013_YC00219","2#电容器保护_Ubc","805H","0H",0,0,2,0,0,0,1,0,2,0,0,0,0,0,0,0,"",0,0,0,2,0,0,0,0
1,1,13,220,"RTU013_YC00220","2#电容器保护_Uca","806H","0H",0,0,2,0,0,0,1,0,2,0,0,0,0,0,0,0,"",0,0,0,2,0,0,0,0
1,1,13,221,"RTU013_YC00221","2#电容器保护_I0","807H","0H",0,0,8,0,0,0,1,0,3,0,0,0,0,0,0,0,"",0,0,0,2,0,0,0,0
1,1,13,222,"RTU013_YC00222","2#电容器保护_有功功率","808H","0H",0,0,3,0,0,0,1,0,1,0,0,0,0,0,0,0,"",0,0,0,2,0,0,0,0
1,1,13,223,"RTU013_YC00223","2#电容器保护_无功功率","809H","0H",0,0,4,0,0,0,1,0,1,0,0,0,0,0,0,0,"",0,0,0,2,0,0,0,0
1,1,13,224,"RTU013_YC00224","2#电容器保护_功率因数","80AH","0H",0,0,5,0,0,0,1,0,3,0,0,0,0,0,0,0,"",0,0,0,2,0,0,0,0
1,1,13,225,"RTU013_YC00225","2#电容器保护_频率","80BH","0H",0,0,7,0,0,0,1,0,2,0,0,0,0,0,0,0,"",0,0,0,2,0,0,0,0
1,1,13,226,"RTU013_YC00226","2#电容器保护_温度1","80CH","0H",0,0,6,0,0,0,1,0,2,0,0,0,0,0,0,0,"",0,0,0,2,0,0,0,0
1,1,13,227,"RTU013_YC00227","2#电容器保护_湿度1","80DH","0H",0,0,0,0,0,0,1,0,2,0,0,0,0,0,0,0,"",0,0,0,2,0,0,0,0
1,1,13,228,"RTU013_YC00228","2#电容器保护_温度2","80EH","0H",0,0,6,0,0,0,1,0,2,0,0,0,0,0,0,0,"",0,0,0,2,0,0,0,0
1,1,13,229,"RTU013_YC00229","2#电容器保护_湿度2","80FH","0H",0,0,0,0,0,0,1,0,2,0,0,0,0,0,0,0,"",0,0,0,2,0,0,0,0
1,1,13,230,"RTU013_YC00230","2#电容器保护_DC","810H","0H",0,0,0,0,0,0,1,0,2,0,0,0,0,0,0,0,"",0,0,0,2,0,0,0,0
1,1,14,231,"RTU014_YC00231","2#PT柜保护_Ua1","801H","0H",0,0,2,0,0,0,1,0,2,0,0,0,0,0,0,0,"",0,0,0,2,0,0,0,0
1,1,14,232,"RTU014_YC00232","2#PT柜保护_Ub1","802H","0H",0,0,2,0,0,0,1,0,2,0,0,0,0,0,0,0,"",0,0,0,2,0,0,0,0
1,1,14,233,"RTU014_YC00233","2#PT柜保护_Uc1","803H","0H",0,0,2,0,0,0,1,0,2,0,0,0,0,0,0,0,"",0,0,0,2,0,0,0,0
1,1,14,234,"RTU014_YC00234","2#PT柜保护_Uab1","804H","0H",0,0,2,0,0,0,1,0,2,0,0,0,0,0,0,0,"",0,0,0,2,0,0,0,0
1,1,14,235,"RTU014_YC00235","2#PT柜保护_Ubc1","805H","0H",0,0,2,0,0,0,1,0,2,0,0,0,0,0,0,0,"",0,0,0,2,0,0,0,0
1,1,14,236,"RTU014_YC00236","2#PT柜保护_Uca1","806H","0H",0,0,2,0,0,0,1,0,2,0,0,0,0,0,0,0,"",0,0,0,2,0,0,0,0
1,1,14,237,"RTU014_YC00237","2#PT柜保护_U01","807H","0H",0,0,2,0,0,0,1,0,2,0,0,0,0,0,0,0,"",0,0,0,2,0,0,0,0
1,1,14,238,"RTU014_YC00238","2#PT柜保护_F1","808H","0H",0,0,7,0,0,0,1,0,2,0,0,0,0,0,0,0,"",0,0,0,2,0,0,0,0
1,1,14,239,"RTU014_YC00239","2#PT柜保护_Ua2","809H","0H",0,0,2,0,0,0,1,0,2,0,0,0,0,0,0,0,"",0,0,0,2,0,0,0,0
1,1,14,240,"RTU014_YC00240","2#PT柜保护_Ub2","80AH","0H",0,0,2,0,0,0,1,0,2,0,0,0,0,0,0,0,"",0,0,0,2,0,0,0,0
1,1,14,241,"RTU014_YC00241","2#PT柜保护_Uc2","80BH","0H",0,0,2,0,0,0,1,0,2,0,0,0,0,0,0,0,"",0,0,0,2,0,0,0,0
1,1,14,242,"RTU014_YC00242","2#PT柜保护_Uab2","80CH","0H",0,0,2,0,0,0,1,0,2,0,0,0,0,0,0,0,"",0,0,0,2,0,0,0,0
1,1,14,243,"RTU014_YC00243","2#PT柜保护_Ubc2","80DH","0H",0,0,2,0,0,0,1,0,2,0,0,0,0,0,0,0,"",0,0,0,2,0,0,0,0
1,1,14,244,"RTU014_YC00244","2#PT柜保护_Uca2","80EH","0H",0,0,2,0,0,0,1,0,2,0,0,0,0,0,0,0,"",0,0,0,2,0,0,0,0
1,1,14,245,"RTU014_YC00245","2#PT柜保护_U02","80FH","0H",0,0,2,0,0,0,1,0,2,0,0,0,0,0,0,0,"",0,0,0,2,0,0,0,0
1,1,14,246,"RTU014_YC00246","2#PT柜保护_F2","810H","0H",0,0,7,0,0,0,1,0,2,0,0,0,0,0,0,0,"",0,0,0,2,0,0,0,0
1,1,14,247,"RTU014_YC00247","2#PT柜保护_温度1","811H","0H",0,0,6,0,0,0,1,0,2,0,0,0,0,0,0,0,"",0,0,0,2,0,0,0,0
1,1,14,248,"RTU014_YC00248","2#PT柜保护_湿度1","812H","0H",0,0,0,0,0,0,1,0,2,0,0,0,0,0,0,0,"",0,0,0,2,0,0,0,0
1,1,14,249,"RTU014_YC00249","2#PT柜保护_温度2","813H","0H",0,0,6,0,0,0,1,0,2,0,0,0,0,0,0,0,"",0,0,0,2,0,0,0,0
1,1,14,250,"RTU014_YC00250","2#PT柜保护_湿度2","814H","0H",0,0,0,0,0,0,1,0,2,0,0,0,0,0,0,0,"",0,0,0,2,0,0,0,0
1,1,15,251,"RTU015_YC00251","2#馈线保护1_IA","801H","0H",0,0,1,0,0,0,1,0,2,0,0,0,0,0,0,0,"",0,0,0,2,0,0,0,0
1,1,15,252,"RTU015_YC00252","2#馈线保护1_IB","802H","0H",0,0,1,0,0,0,1,0,2,0,0,0,0,0,0,0,"",0,0,0,2,0,0,0,0
1,1,15,253,"RTU015_YC00253","2#馈线保护1_IC","803H","0H",0,0,1,0,0,0,1,0,2,0,0,0,0,0,0,0,"",0,0,0,2,0,0,0,0
1,1,15,254,"RTU015_YC00254","2#馈线保护1_Uab","804H","0H",0,0,2,0,0,0,1,0,2,0,0,0,0,0,0,0,"",0,0,0,2,0,0,0,0
1,1,15,255,"RTU015_YC00255","2#馈线保护1_Ubc","805H","0H",0,0,2,0,0,0,1,0,2,0,0,0,0,0,0,0,"",0,0,0,2,0,0,0,0
1,1,15,256,"RTU015_YC00256","2#馈线保护1_Uca","806H","0H",0,0,2,0,0,0,1,0,2,0,0,0,0,0,0,0,"",0,0,0,2,0,0,0,0
1,1,15,257,"RTU015_YC00257","2#馈线保护1_U0","807H","0H",0,0,2,0,0,0,1,0,2,0,0,0,0,0,0,0,"",0,0,0,2,0,0,0,0
1,1,15,258,"RTU015_YC00258","2#馈线保护1_I0","808H","0H",0,0,8,0,0,0,1,0,3,0,0,0,0,0,0,0,"",0,0,0,2,0,0,0,0
1,1,15,259,"RTU015_YC00259","2#馈线保护1_UL","809H","0H",0,0,2,0,0,0,1,0,2,0,0,0,0,0,0,0,"",0,0,0,2,0,0,0,0
1,1,15,260,"RTU015_YC00260","2#馈线保护1_有功功率","80AH","0H",0,0,3,0,0,0,1,0,1,0,0,0,0,0,0,0,"",0,0,0,2,0,0,0,0
1,1,15,261,"RTU015_YC00261","2#馈线保护1_无功功率","80BH","0H",0,0,4,0,0,0,1,0,1,0,0,0,0,0,0,0,"",0,0,0,2,0,0,0,0
1,1,15,262,"RTU015_YC00262","2#馈线保护1_功率因数","80CH","0H",0,0,5,0,0,0,1,0,3,0,0,0,0,0,0,0,"",0,0,0,2,0,0,0,0
1,1,15,263,"RTU015_YC00263","2#馈线保护1_母线频率","80DH","0H",0,0,7,0,0,0,1,0,2,0,0,0,0,0,0,0,"",0,0,0,2,0,0,0,0
1,1,15,264,"RTU015_YC00264","2#馈线保护1_线路频率","80EH","0H",0,0,7,0,0,0,1,0,2,0,0,0,0,0,0,0,"",0,0,0,2,0,0,0,0
1,1,15,265,"RTU015_YC00265","2#馈线保护1_温度1","80FH","0H",0,0,6,0,0,0,1,0,2,0,0,0,0,0,0,0,"",0,0,0,2,0,0,0,0
1,1,15,266,"RTU015_YC00266","2#馈线保护1_湿度1","810H","0H",0,0,0,0,0,0,1,0,2,0,0,0,0,0,0,0,"",0,0,0,2,0,0,0,0
1,1,15,267,"RTU015_YC00267","2#馈线保护1_温度2","811H","0H",0,0,6,0,0,0,1,0,2,0,0,0,0,0,0,0,"",0,0,0,2,0,0,0,0
1,1,15,268,"RTU015_YC00268","2#馈线保护1_湿度2","812H","0H",0,0,0,0,0,0,1,0,2,0,0,0,0,0,0,0,"",0,0,0,2,0,0,0,0
1,1,15,269,"RTU015_YC00269","2#馈线保护1_DC","813H","0H",0,0,0,0,0,0,1,0,2,0,0,0,0,0,0,0,"",0,0,0,2,0,0,0,0
1,1,16,270,"RTU016_YC00270","2#馈线保护2_IA","801H","0H",0,0,1,0,0,0,1,0,2,0,0,0,0,0,0,0,"",0,0,0,2,0,0,0,0
1,1,16,271,"RTU016_YC00271","2#馈线保护2_IB","802H","0H",0,0,1,0,0,0,1,0,2,0,0,0,0,0,0,0,"",0,0,0,2,0,0,0,0
1,1,16,272,"RTU016_YC00272","2#馈线保护2_IC","803H","0H",0,0,1,0,0,0,1,0,2,0,0,0,0,0,0,0,"",0,0,0,2,0,0,0,0
1,1,16,273,"RTU016_YC00273","2#馈线保护2_Uab","804H","0H",0,0,2,0,0,0,1,0,2,0,0,0,0,0,0,0,"",0,0,0,2,0,0,0,0
1,1,16,274,"RTU016_YC00274","2#馈线保护2_Ubc","805H","0H",0,0,2,0,0,0,1,0,2,0,0,0,0,0,0,0,"",0,0,0,2,0,0,0,0
1,1,16,275,"RTU016_YC00275","2#馈线保护2_Uca","806H","0H",0,0,2,0,0,0,1,0,2,0,0,0,0,0,0,0,"",0,0,0,2,0,0,0,0
1,1,16,276,"RTU016_YC00276","2#馈线保护2_U0","807H","0H",0,0,2,0,0,0,1,0,2,0,0,0,0,0,0,0,"",0,0,0,2,0,0,0,0
1,1,16,277,"RTU016_YC00277","2#馈线保护2_I0","808H","0H",0,0,8,0,0,0,1,0,3,0,0,0,0,0,0,0,"",0,0,0,2,0,0,0,0
1,1,16,278,"RTU016_YC00278","2#馈线保护2_UL","809H","0H",0,0,2,0,0,0,1,0,2,0,0,0,0,0,0,0,"",0,0,0,2,0,0,0,0
1,1,16,279,"RTU016_YC00279","2#馈线保护2_有功功率","80AH","0H",0,0,3,0,0,0,1,0,1,0,0,0,0,0,0,0,"",0,0,0,2,0,0,0,0
1,1,16,280,"RTU016_YC00280","2#馈线保护2_无功功率","80BH","0H",0,0,4,0,0,0,1,0,1,0,0,0,0,0,0,0,"",0,0,0,2,0,0,0,0
1,1,16,281,"RTU016_YC00281","2#馈线保护2_功率因数","80CH","0H",0,0,5,0,0,0,1,0,3,0,0,0,0,0,0,0,"",0,0,0,2,0,0,0,0
1,1,16,282,"RTU016_YC00282","2#馈线保护2_母线频率","80DH","0H",0,0,7,0,0,0,1,0,2,0,0,0,0,0,0,0,"",0,0,0,2,0,0,0,0
1,1,16,283,"RTU016_YC00283","2#馈线保护2_线路频率","80EH","0H",0,0,7,0,0,0,1,0,2,0,0,0,0,0,0,0,"",0,0,0,2,0,0,0,0
1,1,16,284,"RTU016_YC00284","2#馈线保护2_温度1","80FH","0H",0,0,6,0,0,0,1,0,2,0,0,0,0,0,0,0,"",0,0,0,2,0,0,0,0
1,1,16,285,"RTU016_YC00285","2#馈线保护2_湿度1","810H","0H",0,0,0,0,0,0,1,0,2,0,0,0,0,0,0,0,"",0,0,0,2,0,0,0,0
1,1,16,286,"RTU016_YC00286","2#馈线保护2_温度2","811H","0H",0,0,6,0,0,0,1,0,2,0,0,0,0,0,0,0,"",0,0,0,2,0,0,0,0
1,1,16,287,"RTU016_YC00287","2#馈线保护2_湿度2","812H","0H",0,0,0,0,0,0,1,0,2,0,0,0,0,0,0,0,"",0,0,0,2,0,0,0,0
1,1,16,288,"RTU016_YC00288","2#馈线保护2_DC","813H","0H",0,0,0,0,0,0,1,0,2,0,0,0,0,0,0,0,"",0,0,0,2,0,0,0,0
1,1,17,289,"RTU017_YC00289","2#馈线保护3_IA","801H","0H",0,0,1,0,0,0,1,0,2,0,0,0,0,0,0,0,"",0,0,0,2,0,0,0,0
1,1,17,290,"RTU017_YC00290","2#馈线保护3_IB","802H","0H",0,0,1,0,0,0,1,0,2,0,0,0,0,0,0,0,"",0,0,0,2,0,0,0,0
1,1,17,291,"RTU017_YC00291","2#馈线保护3_IC","803H","0H",0,0,1,0,0,0,1,0,2,0,0,0,0,0,0,0,"",0,0,0,2,0,0,0,0
1,1,17,292,"RTU017_YC00292","2#馈线保护3_Uab","804H","0H",0,0,2,0,0,0,1,0,2,0,0,0,0,0,0,0,"",0,0,0,2,0,0,0,0
1,1,17,293,"RTU017_YC00293","2#馈线保护3_Ubc","805H","0H",0,0,2,0,0,0,1,0,2,0,0,0,0,0,0,0,"",0,0,0,2,0,0,0,0
1,1,17,294,"RTU017_YC00294","2#馈线保护3_Uca","806H","0H",0,0,2,0,0,0,1,0,2,0,0,0,0,0,0,0,"",0,0,0,2,0,0,0,0
1,1,17,295,"RTU017_YC00295","2#馈线保护3_U0","807H","0H",0,0,2,0,0,0,1,0,2,0,0,0,0,0,0,0,"",0,0,0,2,0,0,0,0
1,1,17,296,"RTU017_YC00296","2#馈线保护3_I0","808H","0H",0,0,8,0,0,0,1,0,3,0,0,0,0,0,0,0,"",0,0,0,2,0,0,0,0
1,1,17,297,"RTU017_YC00297","2#馈线保护3_UL","809H","0H",0,0,2,0,0,0,1,0,2,0,0,0,0,0,0,0,"",0,0,0,2,0,0,0,0
1,1,17,298,"RTU017_YC00298","2#馈线保护3_有功功率","80AH","0H",0,0,3,0,0,0,1,0,1,0,0,0,0,0,0,0,"",0,0,0,2,0,0,0,0
1,1,17,299,"RTU017_YC00299","2#馈线保护3_无功功率","80BH","0H",0,0,4,0,0,0,1,0,1,0,0,0,0,0,0,0,"",0,0,0,2,0,0,0,0
1,1,17,300,"RTU017_YC00300","2#馈线保护3_功率因数","80CH","0H",0,0,5,0,0,0,1,0,3,0,0,0,0,0,0,0,"",0,0,0,2,0,0,0,0
1,1,17,301,"RTU017_YC00301","2#馈线保护3_母线频率","80DH","0H",0,0,7,0,0,0,1,0,2,0,0,0,0,0,0,0,"",0,0,0,2,0,0,0,0
1,1,17,302,"RTU017_YC00302","2#馈线保护3_线路频率","80EH","0H",0,0,7,0,0,0,1,0,2,0,0,0,0,0,0,0,"",0,0,0,2,0,0,0,0
1,1,17,303,"RTU017_YC00303","2#馈线保护3_温度1","80FH","0H",0,0,6,0,0,0,1,0,2,0,0,0,0,0,0,0,"",0,0,0,2,0,0,0,0
1,1,17,304,"RTU017_YC00304","2#馈线保护3_湿度1","810H","0H",0,0,0,0,0,0,1,0,2,0,0,0,0,0,0,0,"",0,0,0,2,0,0,0,0
1,1,17,305,"RTU017_YC00305","2#馈线保护3_温度2","811H","0H",0,0,6,0,0,0,1,0,2,0,0,0,0,0,0,0,"",0,0,0,2,0,0,0,0
1,1,17,306,"RTU017_YC00306","2#馈线保护3_湿度2","812H","0H",0,0,0,0,0,0,1,0,2,0,0,0,0,0,0,0,"",0,0,0,2,0,0,0,0
1,1,17,307,"RTU017_YC00307","2#馈线保护3_DC","813H","0H",0,0,0,0,0,0,1,0,2,0,0,0,0,0,0,0,"",0,0,0,2,0,0,0,0
1,4,18,308,"YC00001","IA","801H","801H",0,0,1,1,1,1,1,0,2,0,0,0,0,0,0,0,"",0,0,0,10,0,0,170,0
1,4,18,309,"YC00002","IB","802H","802H",0,0,1,1,1,1,1,0,2,0,0,0,0,0,0,0,"",0,0,0,10,0,0,170,0
1,4,18,310,"YC00003","IC","803H","803H",0,0,1,1,1,1,1,0,2,0,0,0,0,0,0,0,"",0,0,0,10,0,0,170,0
1,4,18,311,"YC00004","Uab","804H","804H",0,0,2,2,1,1,1,0,2,0,0,0,0,0,0,0,"",0,0,0,10,0,0,170,0
1,4,18,312,"YC00005","Ubc","805H","805H",0,0,2,2,1,1,1,0,2,0,0,0,0,0,0,0,"",0,0,0,10,0,0,170,0
1,4,18,313,"YC00006","Uca","806H","806H",0,0,2,2,1,1,1,0,2,0,0,0,0,0,0,0,"",0,0,0,10,0,0,170,0
1,4,18,314,"YC00007","U0","807H","807H",0,0,2,2,1,1,1,0,2,0,0,0,0,0,0,0,"",0,0,0,10,0,0,170,0
1,4,18,315,"YC00008","I0","808H","808H",0,0,8,1,1,1,1,0,3,0,0,0,0,0,0,0,"",0,0,0,10,0,0,170,0
1,4,18,316,"YC00009","UL","809H","809H",0,0,2,2,1,1,1,0,2,0,0,0,0,0,0,0,"",0,0,0,10,0,0,170,0
1,4,18,317,"YC00010","有功功率","80AH","80AH",0,0,3,19,1,1,1,0,1,0,0,0,0,0,0,0,"",0,0,0,10,0,0,170,0
1,4,18,318,"YC00011","无功功率","80BH","80BH",0,0,4,20,1,1,1,0,1,0,0,0,0,0,0,0,"",0,0,0,10,0,0,170,0
1,4,18,319,"YC00012","功率因数","80CH","80CH",0,0,5,21,1,1,1,0,3,0,0,0,0,0,0,0,"",0,0,0,10,0,0,170,0
1,4,18,320,"YC00013","母线频率","80DH","80DH",0,0,7,5,1,1,1,0,2,0,0,0,0,0,0,0,"",0,0,0,10,0,0,170,0
1,4,18,321,"YC00014","线路频率","80EH","80EH",0,0,7,5,1,1,1,0,2,0,0,0,0,0,0,0,"",0,0,0,10,0,0,170,0
1,4,18,322,"YC00015","DC1","80FH","80FH",0,0,0,23,1,1,1,0,2,0,0,0,0,0,0,0,"",0,0,0,10,0,0,170,0
1,4,18,323,"YC00016","DC2","810H","810H",0,0,0,23,1,1,1,0,2,0,0,0,0,0,0,0,"",0,0,0,10,0,0,170,0
1,4,19,324,"YC00017","IA","801H","801H",0,0,1,1,1,1,1,0,2,0,0,0,0,0,0,0,"",0,0,0,10,0,0,170,0
1,4,19,325,"YC00018","IB","802H","802H",0,0,1,1,1,1,1,0,2,0,0,0,0,0,0,0,"",0,0,0,10,0,0,170,0
1,4,19,326,"YC00019","IC","803H","803H",0,0,1,1,1,1,1,0,2,0,0,0,0,0,0,0,"",0,0,0,10,0,0,170,0
1,4,19,327,"YC00020","Uab","804H","804H",0,0,2,2,1,1,1,0,2,0,0,0,0,0,0,0,"",0,0,0,10,0,0,170,0
1,4,19,328,"YC00021","Ubc","805H","805H",0,0,2,2,1,1,1,0,2,0,0,0,0,0,0,0,"",0,0,0,10,0,0,170,0
1,4,19,329,"YC00022","Uca","806H","806H",0,0,2,2,1,1,1,0,2,0,0,0,0,0,0,0,"",0,0,0,10,0,0,170,0
1,4,19,330,"YC00023","U0","807H","807H",0,0,2,2,1,1,1,0,2,0,0,0,0,0,0,0,"",0,0,0,10,0,0,170,0
1,4,19,331,"YC00024","I0","808H","808H",0,0,8,1,1,1,1,0,3,0,0,0,0,0,0,0,"",0,0,0,10,0,0,170,0
1,4,19,332,"YC00025","UL","809H","809H",0,0,2,2,1,1,1,0,2,0,0,0,0,0,0,0,"",0,0,0,10,0,0,170,0
1,4,19,333,"YC00026","有功功率","80AH","80AH",0,0,3,19,1,1,1,0,1,0,0,0,0,0,0,0,"",0,0,0,10,0,0,170,0
1,4,19,334,"YC00027","无功功率","80BH","80BH",0,0,4,20,1,1,1,0,1,0,0,0,0,0,0,0,"",0,0,0,10,0,0,170,0
1,4,19,335,"YC00028","功率因数","80CH","80CH",0,0,5,21,1,1,1,0,3,0,0,0,0,0,0,0,"",0,0,0,10,0,0,170,0
1,4,19,336,"YC00029","母线频率","80DH","80DH",0,0,7,5,1,1,1,0,2,0,0,0,0,0,0,0,"",0,0,0,10,0,0,170,0
1,4,19,337,"YC00030","线路频率","80EH","80EH",0,0,7,5,1,1,1,0,2,0,0,0,0,0,0,0,"",0,0,0,10,0,0,170,0
1,4,19,338,"YC00031","DC1","80FH","80FH",0,0,0,23,1,1,1,0,2,0,0,0,0,0,0,0,"",0,0,0,10,0,0,170,0
1,4,19,339,"YC00032","DC2","810H","810H",0,0,0,23,1,1,1,0,2,0,0,0,0,0,0,0,"",0,0,0,10,0,0,170,0
1,4,20,340,"YC00033","IA","801H","801H",0,0,1,1,1,1,1,0,2,0,0,0,0,0,0,0,"",0,0,0,10,0,0,170,0
1,4,20,341,"YC00034","IB","802H","802H",0,0,1,1,1,1,1,0,2,0,0,0,0,0,0,0,"",0,0,0,10,0,0,170,0
1,4,20,342,"YC00035","IC","803H","803H",0,0,1,1,1,1,1,0,2,0,0,0,0,0,0,0,"",0,0,0,10,0,0,170,0
1,4,20,343,"YC00036","Uab","804H","804H",0,0,2,2,1,1,1,0,2,0,0,0,0,0,0,0,"",0,0,0,10,0,0,170,0
1,4,20,344,"YC00037","Ubc","805H","805H",0,0,2,2,1,1,1,0,2,0,0,0,0,0,0,0,"",0,0,0,10,0,0,170,0
1,4,20,345,"YC00038","Uca","806H","806H",0,0,2,2,1,1,1,0,2,0,0,0,0,0,0,0,"",0,0,0,10,0,0,170,0
1,4,20,346,"YC00039","U0","807H","807H",0,0,2,2,1,1,1,0,2,0,0,0,0,0,0,0,"",0,0,0,10,0,0,170,0
1,4,20,347,"YC00040","I0","808H","808H",0,0,8,1,1,1,1,0,3,0,0,0,0,0,0,0,"",0,0,0,10,0,0,170,0
1,4,20,348,"YC00041","UL","809H","809H",0,0,2,2,1,1,1,0,2,0,0,0,0,0,0,0,"",0,0,0,10,0,0,170,0
1,4,20,349,"YC00042","有功功率","80AH","80AH",0,0,3,19,1,1,1,0,1,0,0,0,0,0,0,0,"",0,0,0,10,0,0,170,0
1,4,20,350,"YC00043","无功功率","80BH","80BH",0,0,4,20,1,1,1,0,1,0,0,0,0,0,0,0,"",0,0,0,10,0,0,170,0
1,4,20,351,"YC00044","功率因数","80CH","80CH",0,0,5,21,1,1,1,0,3,0,0,0,0,0,0,0,"",0,0,0,10,0,0,170,0
1,4,20,352,"YC00045","母线频率","80DH","80DH",0,0,7,5,1,1,1,0,2,0,0,0,0,0,0,0,"",0,0,0,10,0,0,170,0
1,4,20,353,"YC00046","线路频率","80EH","80EH",0,0,7,5,1,1,1,0,2,0,0,0,0,0,0,0,"",0,0,0,10,0,0,170,0
1,4,20,354,"YC00047","DC1","80FH","80FH",0,0,0,23,1,1,1,0,2,0,0,0,0,0,0,0,"",0,0,0,10,0,0,170,0
1,4,20,355,"YC00048","DC2","810H","810H",0,0,0,23,1,1,1,0,2,0,0,0,0,0,0,0,"",0,0,0,10,0,0,170,0
1,4,21,356,"YC00049","IA","801H","801H",0,0,1,1,1,1,1,0,2,0,0,0,0,0,0,0,"",0,0,0,10,0,0,170,0
1,4,21,357,"YC00050","IB","802H","802H",0,0,1,1,1,1,1,0,2,0,0,0,0,0,0,0,"",0,0,0,10,0,0,170,0
1,4,21,358,"YC00051","IC","803H","803H",0,0,1,1,1,1,1,0,2,0,0,0,0,0,0,0,"",0,0,0,10,0,0,170,0
1,4,21,359,"YC00052","Uab","804H","804H",0,0,2,2,1,1,1,0,2,0,0,0,0,0,0,0,"",0,0,0,10,0,0,170,0
1,4,21,360,"YC00053","Ubc","805H","805H",0,0,2,2,1,1,1,0,2,0,0,0,0,0,0,0,"",0,0,0,10,0,0,170,0
1,4,21,361,"YC00054","Uca","806H","806H",0,0,2,2,1,1,1,0,2,0,0,0,0,0,0,0,"",0,0,0,10,0,0,170,0
1,4,21,362,"YC00055","U0","807H","807H",0,0,2,2,1,1,1,0,2,0,0,0,0,0,0,0,"",0,0,0,10,0,0,170,0
1,4,21,363,"YC00056","I0","808H","808H",0,0,8,1,1,1,1,0,3,0,0,0,0,0,0,0,"",0,0,0,10,0,0,170,0
1,4,21,364,"YC00057","UL","809H","809H",0,0,2,2,1,1,1,0,2,0,0,0,0,0,0,0,"",0,0,0,10,0,0,170,0
1,4,21,365,"YC00058","有功功率","80AH","80AH",0,0,3,19,1,1,1,0,1,0,0,0,0,0,0,0,"",0,0,0,10,0,0,170,0
1,4,21,366,"YC00059","无功功率","80BH","80BH",0,0,4,20,1,1,1,0,1,0,0,0,0,0,0,0,"",0,0,0,10,0,0,170,0
1,4,21,367,"YC00060","功率因数","80CH","80CH",0,0,5,21,1,1,1,0,3,0,0,0,0,0,0,0,"",0,0,0,10,0,0,170,0
1,4,21,368,"YC00061","母线频率","80DH","80DH",0,0,7,5,1,1,1,0,2,0,0,0,0,0,0,0,"",0,0,0,10,0,0,170,0
1,4,21,369,"YC00062","线路频率","80EH","80EH",0,0,7,5,1,1,1,0,2,0,0,0,0,0,0,0,"",0,0,0,10,0,0,170,0
1,4,21,370,"YC00063","DC1","80FH","80FH",0,0,0,23,1,1,1,0,2,0,0,0,0,0,0,0,"",0,0,0,10,0,0,170,0
1,4,21,371,"YC00064","DC2","810H","810H",0,0,0,23,1,1,1,0,2,0,0,0,0,0,0,0,"",0,0,0,10,0,0,170,0
1,5,22,372,"YC00065","UAB线电压","4000701H","40007H",0,0,100,0,1,1,1,0,2,0,0,0,0,0,0,0,"",15,0,0,10,0,0,170,0
1,5,22,373,"YC00066","UBC线电压","4000801H","40008H",0,0,101,0,1,1,1,0,2,0,0,0,0,0,0,0,"",15,0,0,10,0,0,170,0
1,5,22,374,"YC00067","UCA线电压","4000901H","40009H",0,0,102,0,1,1,1,0,2,0,0,0,0,0,0,0,"",15,0,0,10,0,0,170,0
1,5,22,375,"YC00068","A相电网电流","4000A01H","4000AH",0,0,103,0,1,1,1,0,2,0,0,0,0,0,0,0,"",15,0,0,10,0,0,170,0
1,5,22,376,"YC00069","B相电网电流","4000B01H","4000BH",0,0,104,0,1,1,1,0,2,0,0,0,0,0,0,0,"",15,0,0,10,0,0,170,0
1,5,22,377,"YC00070","C相电网电流","4000C01H","4000CH",0,0,105,0,1,1,1,0,2,0,0,0,0,0,0,0,"",15,0,0,10,0,0,170,0
1,5,22,378,"YC00071","A相负载电流","4000D01H","4000DH",0,0,115,0,1,1,1,0,2,0,0,0,0,0,0,0,"",15,0,0,10,0,0,170,0
1,5,22,379,"YC00072","B相负载电流","4000E01H","4000EH",0,0,116,0,1,1,1,0,2,0,0,0,0,0,0,0,"",15,0,0,10,0,0,170,0
1,5,22,380,"YC00073","C相负载电流","4000F01H","4000FH",0,0,117,0,1,1,1,0,2,0,0,0,0,0,0,0,"",15,0,0,10,0,0,170,0
1,5,22,381,"YC00074","A相输出电流","4001001H","40010H",0,0,0,0,1,1,1,0,2,0,0,0,0,0,0,0,"",0,0,0,10,0,0,170,0
1,5,22,382,"YC00075","B相输出电流","4001101H","40011H",0,0,0,0,1,1,1,0,2,0,0,0,0,0,0,0,"",0,0,0,10,0,0,170,0
1,5,22,383,"YC00076","C相输出电流","4001201H","40012H",0,0,0,0,1,1,1,0,2,0,0,0,0,0,0,0,"",0,0,0,10,0,0,170,0
1,5,22,384,"YC00077","A相直流电压","4001301H","40013H",0,0,0,0,1,1,1,0,2,0,0,0,0,0,0,0,"",0,0,0,10,0,0,170,0
1,5,22,385,"YC00078","B相直流电压","4001401H","40014H",0,0,0,0,1,1,1,0,2,0,0,0,0,0,0,0,"",0,0,0,10,0,0,170,0
1,5,22,386,"YC00079","C相直流电压","4001501H","40015H",0,0,0,0,1,1,1,0,2,0,0,0,0,0,0,0,"",0,0,0,10,0,0,170,0
1,5,22,387,"YC00080","有功功率","4001601H","40016H",0,0,106,0,1,1,1,0,2,0,0,0,0,0,0,0,"",15,0,0,10,0,0,170,0
1,5,22,388,"YC00081","负载无功功率","4001701H","40017H",0,0,119,0,1,1,1,0,2,0,0,0,0,0,0,0,"",15,0,0,10,0,0,170,0
1,5,22,389,"YC00082","电网无功功率","4001801H","40018H",0,0,107,0,1,1,1,0,2,0,0,0,0,0,0,0,"",15,0,0,10,0,0,170,0
1,5,22,390,"YC00083","功率因数","4001901H","40019H",0,0,108,0,1,1,1,0,2,0,0,0,0,0,0,0,"",15,0,0,10,0,0,170,0
1,5,22,391,"YC00084","电网频率","4001A01H","4001AH",0,0,0,0,1,1,1,0,2,0,0,0,0,0,0,0,"",0,0,0,10,0,0,170,0
1,5,22,392,"YC00085","A相电网电压畸变率","4001B01H","4001BH",0,0,109,0,1,1,1,0,2,0,0,0,0,0,0,0,"",15,0,0,10,0,0,170,0
1,5,22,393,"YC00086","B相电网电压畸变率","4001C01H","4001CH",0,0,110,0,1,1,1,0,2,0,0,0,0,0,0,0,"",15,0,0,10,0,0,170,0
1,5,22,394,"YC00087","C相电网电压畸变率","4001D01H","4001DH",0,0,111,0,1,1,1,0,2,0,0,0,0,0,0,0,"",15,0,0,10,0,0,170,0
1,5,22,395,"YC00088","A相电网电流畸变率","4001E01H","4001EH",0,0,112,0,1,1,1,0,2,0,0,0,0,0,0,0,"",15,0,0,10,0,0,170,0
1,5,22,396,"YC00089","B相电网电流畸变率","4001F01H","4001FH",0,0,113,0,1,1,1,0,2,0,0,0,0,0,0,0,"",15,0,0,10,0,0,170,0
1,5,22,397,"YC00090","C相电网电流畸变率","4002001H","40020H",0,0,114,0,1,1,1,0,2,0,0,0,0,0,0,0,"",15,0,0,10,0,0,170,0
1,5,22,398,"YC00091","A相负载电流畸变率","4002101H","40021H",0,0,120,0,1,1,1,0,2,0,0,0,0,0,0,0,"",15,0,0,10,0,0,170,0
1,5,22,399,"YC00092","B相负载电流畸变率","4002201H","40022H",0,0,121,0,1,1,1,0,2,0,0,0,0,0,0,0,"",15,0,0,10,0,0,170,0
1,5,22,400,"YC00093","C相负载电流畸变率","4002301H","40023H",0,0,122,0,1,1,1,0,2,0,0,0,0,0,0,0,"",15,0,0,10,0,0,170,0
1,5,22,401,"YC00094","A相有功功率","4002401H","40024H",0,0,0,0,1,1,1,0,2,0,0,0,0,0,0,0,"",0,0,0,10,0,0,170,0
1,5,22,402,"YC00095","B相有功功率","4002501H","40025H",0,0,0,0,1,1,1,0,2,0,0,0,0,0,0,0,"",0,0,0,10,0,0,170,0
1,5,22,403,"YC00096","C相有功功率","4002601H","40026H",0,0,0,0,1,1,1,0,2,0,0,0,0,0,0,0,"",0,0,0,10,0,0,170,0
1,5,22,404,"YC00097","A相无功功率","4002701H","40027H",0,0,0,0,1,1,1,0,2,0,0,0,0,0,0,0,"",0,0,0,10,0,0,170,0
1,5,22,405,"YC00098","B相无功功率","4002801H","40028H",0,0,0,0,1,1,1,0,2,0,0,0,0,0,0,0,"",0,0,0,10,0,0,170,0
1,5,22,406,"YC00099","C相无功功率","4002901H","40029H",0,0,0,0,1,1,1,0,2,0,0,0,0,0,0,0,"",0,0,0,10,0,0,170,0
1,5,22,407,"YC00100","A相功率因数","4002A01H","4002AH",0,0,0,0,1,1,1,0,2,0,0,0,0,0,0,0,"",0,0,0,10,0,0,170,0
1,5,22,408,"YC00101","B相功率因数","4002B01H","4002BH",0,0,0,0,1,1,1,0,2,0,0,0,0,0,0,0,"",0,0,0,10,0,0,170,0
1,5,22,409,"YC00102","C相功率因数","4002C01H","4002CH",0,0,0,0,1,1,1,0,2,0,0,0,0,0,0,0,"",0,0,0,10,0,0,170,0
1,5,22,410,"YC00103","A相相角","4002D01H","4002DH",0,0,0,0,1,1,1,0,2,0,0,0,0,0,0,0,"",0,0,0,10,0,0,170,0
1,5,22,411,"YC00104","B相相角","4002E01H","4002EH",0,0,0,0,1,1,1,0,2,0,0,0,0,0,0,0,"",0,0,0,10,0,0,170,0
1,5,22,412,"YC00105","C相相角","4002F01H","4002FH",0,0,0,0,1,1,1,0,2,0,0,0,0,0,0,0,"",0,0,0,10,0,0,170,0
1,5,23,413,"YC00106","UAB线电压","4000701H","40007H",0,0,100,0,1,1,1,0,2,0,0,0,0,0,0,0,"",0,0,0,10,0,0,170,0
1,5,23,414,"YC00107","UBC线电压","4000801H","40008H",0,0,101,0,1,1,1,0,2,0,0,0,0,0,0,0,"",0,0,0,10,0,0,170,0
1,5,23,415,"YC00108","UCA线电压","4000901H","40009H",0,0,102,0,1,1,1,0,2,0,0,0,0,0,0,0,"",0,0,0,10,0,0,170,0
1,5,23,416,"YC00109","A相电网电流","4000A01H","4000AH",0,0,103,0,1,1,1,0,2,0,0,0,0,0,0,0,"",0,0,0,10,0,0,170,0
1,5,23,417,"YC00110","B相电网电流","4000B01H","4000BH",0,0,104,0,1,1,1,0,2,0,0,0,0,0,0,0,"",0,0,0,10,0,0,170,0
1,5,23,418,"YC00111","C相电网电流","4000C01H","4000CH",0,0,105,0,1,1,1,0,2,0,0,0,0,0,0,0,"",0,0,0,10,0,0,170,0
1,5,23,419,"YC00112","A相负载电流","4000D01H","4000DH",0,0,115,0,1,1,1,0,2,0,0,0,0,0,0,0,"",0,0,0,10,0,0,170,0
1,5,23,420,"YC00113","B相负载电流","4000E01H","4000EH",0,0,116,0,1,1,1,0,2,0,0,0,0,0,0,0,"",0,0,0,10,0,0,170,0
1,5,23,421,"YC00114","C相负载电流","4000F01H","4000FH",0,0,117,0,1,1,1,0,2,0,0,0,0,0,0,0,"",0,0,0,10,0,0,170,0
1,5,23,422,"YC00115","A相输出电流","4001001H","40010H",0,0,0,0,1,1,1,0,2,0,0,0,0,0,0,0,"",0,0,0,10,0,0,170,0
1,5,23,423,"YC00116","B相输出电流","4001101H","40011H",0,0,0,0,1,1,1,0,2,0,0,0,0,0,0,0,"",0,0,0,10,0,0,170,0
1,5,23,424,"YC00117","C相输出电流","4001201H","40012H",0,0,0,0,1,1,1,0,2,0,0,0,0,0,0,0,"",0,0,0,10,0,0,170,0
1,5,23,425,"YC00118","A相直流电压","4001301H","40013H",0,0,0,0,1,1,1,0,2,0,0,0,0,0,0,0,"",0,0,0,10,0,0,170,0
1,5,23,426,"YC00119","B相直流电压","4001401H","40014H",0,0,0,0,1,1,1,0,2,0,0,0,0,0,0,0,"",0,0,0,10,0,0,170,0
1,5,23,427,"YC00120","C相直流电压","4001501H","40015H",0,0,0,0,1,1,1,0,2,0,0,0,0,0,0,0,"",0,0,0,10,0,0,170,0
1,5,23,428,"YC00121","有功功率","4001601H","40016H",0,0,106,0,1,1,1,0,2,0,0,0,0,0,0,0,"",0,0,0,10,0,0,170,0
1,5,23,429,"YC00122","负载无功功率","4001701H","40017H",0,0,119,0,1,1,1,0,2,0,0,0,0,0,0,0,"",0,0,0,10,0,0,170,0
1,5,23,430,"YC00123","电网无功功率","4001801H","40018H",0,0,107,0,1,1,1,0,2,0,0,0,0,0,0,0,"",0,0,0,10,0,0,170,0
1,5,23,431,"YC00124","功率因数","4001901H","40019H",0,0,108,0,1,1,1,0,2,0,0,0,0,0,0,0,"",0,0,0,10,0,0,170,0
1,5,23,432,"YC00125","电网频率","4001A01H","4001AH",0,0,0,0,1,1,1,0,2,0,0,0,0,0,0,0,"",0,0,0,10,0,0,170,0
1,5,23,433,"YC00126","A相电网电压畸变率","4001B01H","4001BH",0,0,109,0,1,1,1,0,2,0,0,0,0,0,0,0,"",0,0,0,10,0,0,170,0
1,5,23,434,"YC00127","B相电网电压畸变率","4001C01H","4001CH",0,0,110,0,1,1,1,0,2,0,0,0,0,0,0,0,"",0,0,0,10,0,0,170,0
1,5,23,435,"YC00128","C相电网电压畸变率","4001D01H","4001DH",0,0,111,0,1,1,1,0,2,0,0,0,0,0,0,0,"",0,0,0,10,0,0,170,0
1,5,23,436,"YC00129","A相电网电流畸变率","4001E01H","4001EH",0,0,112,0,1,1,1,0,2,0,0,0,0,0,0,0,"",0,0,0,10,0,0,170,0
1,5,23,437,"YC00130","B相电网电流畸变率","4001F01H","4001FH",0,0,113,0,1,1,1,0,2,0,0,0,0,0,0,0,"",0,0,0,10,0,0,170,0
1,5,23,438,"YC00131","C相电网电流畸变率","4002001H","40020H",0,0,114,0,1,1,1,0,2,0,0,0,0,0,0,0,"",0,0,0,10,0,0,170,0
1,5,23,439,"YC00132","A相负载电流畸变率","4002101H","40021H",0,0,120,0,1,1,1,0,2,0,0,0,0,0,0,0,"",0,0,0,10,0,0,170,0
1,5,23,440,"YC00133","B相负载电流畸变率","4002201H","40022H",0,0,121,0,1,1,1,0,2,0,0,0,0,0,0,0,"",0,0,0,10,0,0,170,0
1,5,23,441,"YC00134","C相负载电流畸变率","4002301H","40023H",0,0,122,0,1,1,1,0,2,0,0,0,0,0,0,0,"",0,0,0,10,0,0,170,0
1,5,23,442,"YC00135","A相有功功率","4002401H","40024H",0,0,0,0,1,1,1,0,2,0,0,0,0,0,0,0,"",0,0,0,10,0,0,170,0
1,5,23,443,"YC00136","B相有功功率","4002501H","40025H",0,0,0,0,1,1,1,0,2,0,0,0,0,0,0,0,"",0,0,0,10,0,0,170,0
1,5,23,444,"YC00137","C相有功功率","4002601H","40026H",0,0,0,0,1,1,1,0,2,0,0,0,0,0,0,0,"",0,0,0,10,0,0,170,0
1,5,23,445,"YC00138","A相无功功率","4002701H","40027H",0,0,0,0,1,1,1,0,2,0,0,0,0,0,0,0,"",0,0,0,10,0,0,170,0
1,5,23,446,"YC00139","B相无功功率","4002801H","40028H",0,0,0,0,1,1,1,0,2,0,0,0,0,0,0,0,"",0,0,0,10,0,0,170,0
1,5,23,447,"YC00140","C相无功功率","4002901H","40029H",0,0,0,0,1,1,1,0,2,0,0,0,0,0,0,0,"",0,0,0,10,0,0,170,0
1,5,23,448,"YC00141","A相功率因数","4002A01H","4002AH",0,0,0,0,1,1,1,0,2,0,0,0,0,0,0,0,"",0,0,0,10,0,0,170,0
1,5,23,449,"YC00142","B相功率因数","4002B01H","4002BH",0,0,0,0,1,1,1,0,2,0,0,0,0,0,0,0,"",0,0,0,10,0,0,170,0
1,5,23,450,"YC00143","C相功率因数","4002C01H","4002CH",0,0,0,0,1,1,1,0,2,0,0,0,0,0,0,0,"",0,0,0,10,0,0,170,0
1,5,23,451,"YC00144","A相相角","4002D01H","4002DH",0,0,0,0,1,1,1,0,2,0,0,0,0,0,0,0,"",0,0,0,10,0,0,170,0
1,5,23,452,"YC00145","B相相角","4002E01H","4002EH",0,0,0,0,1,1,1,0,2,0,0,0,0,0,0,0,"",0,0,0,10,0,0,170,0
1,5,23,453,"YC00146","C相相角","4002F01H","4002FH",0,0,0,0,1,1,1,0,2,0,0,0,0,0,0,0,"",0,0,0,10,0,0,170,0
1,5,24,454,"YC00147","UAB线电压","4000701H","40007H",0,0,100,0,1,1,1,0,2,0,0,0,0,0,0,0,"",0,0,0,10,0,0,170,0
1,5,24,455,"YC00148","UBC线电压","4000801H","40008H",0,0,101,0,1,1,1,0,2,0,0,0,0,0,0,0,"",0,0,0,10,0,0,170,0
1,5,24,456,"YC00149","UCA线电压","4000901H","40009H",0,0,102,0,1,1,1,0,2,0,0,0,0,0,0,0,"",0,0,0,10,0,0,170,0
1,5,24,457,"YC00150","A相电网电流","4000A01H","4000AH",0,0,103,0,1,1,1,0,2,0,0,0,0,0,0,0,"",0,0,0,10,0,0,170,0
1,5,24,458,"YC00151","B相电网电流","4000B01H","4000BH",0,0,104,0,1,1,1,0,2,0,0,0,0,0,0,0,"",0,0,0,10,0,0,170,0
1,5,24,459,"YC00152","C相电网电流","4000C01H","4000CH",0,0,105,0,1,1,1,0,2,0,0,0,0,0,0,0,"",0,0,0,10,0,0,170,0
1,5,24,460,"YC00153","A相负载电流","4000D01H","4000DH",0,0,115,0,1,1,1,0,2,0,0,0,0,0,0,0,"",0,0,0,10,0,0,170,0
1,5,24,461,"YC00154","B相负载电流","4000E01H","4000EH",0,0,116,0,1,1,1,0,2,0,0,0,0,0,0,0,"",0,0,0,10,0,0,170,0
1,5,24,462,"YC00155","C相负载电流","4000F01H","4000FH",0,0,117,0,1,1,1,0,2,0,0,0,0,0,0,0,"",0,0,0,10,0,0,170,0
1,5,24,463,"YC00156","A相输出电流","4001001H","40010H",0,0,0,0,1,1,1,0,2,0,0,0,0,0,0,0,"",0,0,0,10,0,0,170,0
1,5,24,464,"YC00157","B相输出电流","4001101H","40011H",0,0,0,0,1,1,1,0,2,0,0,0,0,0,0,0,"",0,0,0,10,0,0,170,0
1,5,24,465,"YC00158","C相输出电流","4001201H","40012H",0,0,0,0,1,1,1,0,2,0,0,0,0,0,0,0,"",0,0,0,10,0,0,170,0
1,5,24,466,"YC00159","A相直流电压","4001301H","40013H",0,0,0,0,1,1,1,0,2,0,0,0,0,0,0,0,"",0,0,0,10,0,0,170,0
1,5,24,467,"YC00160","B相直流电压","4001401H","40014H",0,0,0,0,1,1,1,0,2,0,0,0,0,0,0,0,"",0,0,0,10,0,0,170,0
1,5,24,468,"YC00161","C相直流电压","4001501H","40015H",0,0,0,0,1,1,1,0,2,0,0,0,0,0,0,0,"",0,0,0,10,0,0,170,0
1,5,24,469,"YC00162","有功功率","4001601H","40016H",0,0,106,0,1,1,1,0,2,0,0,0,0,0,0,0,"",0,0,0,10,0,0,170,0
1,5,24,470,"YC00163","负载无功功率","4001701H","40017H",0,0,119,0,1,1,1,0,2,0,0,0,0,0,0,0,"",0,0,0,10,0,0,170,0
1,5,24,471,"YC00164","电网无功功率","4001801H","40018H",0,0,107,0,1,1,1,0,2,0,0,0,0,0,0,0,"",0,0,0,10,0,0,170,0
1,5,24,472,"YC00165","功率因数","4001901H","40019H",0,0,108,0,1,1,1,0,2,0,0,0,0,0,0,0,"",0,0,0,10,0,0,170,0
1,5,24,473,"YC00166","电网频率","4001A01H","4001AH",0,0,0,0,1,1,1,0,2,0,0,0,0,0,0,0,"",0,0,0,10,0,0,170,0
1,5,24,474,"YC00167","A相电网电压畸变率","4001B01H","4001BH",0,0,109,0,1,1,1,0,2,0,0,0,0,0,0,0,"",0,0,0,10,0,0,170,0
1,5,24,475,"YC00168","B相电网电压畸变率","4001C01H","4001CH",0,0,110,0,1,1,1,0,2,0,0,0,0,0,0,0,"",0,0,0,10,0,0,170,0
1,5,24,476,"YC00169","C相电网电压畸变率","4001D01H","4001DH",0,0,111,0,1,1,1,0,2,0,0,0,0,0,0,0,"",0,0,0,10,0,0,170,0
1,5,24,477,"YC00170","A相电网电流畸变率","4001E01H","4001EH",0,0,112,0,1,1,1,0,2,0,0,0,0,0,0,0,"",0,0,0,10,0,0,170,0
1,5,24,478,"YC00171","B相电网电流畸变率","4001F01H","4001FH",0,0,113,0,1,1,1,0,2,0,0,0,0,0,0,0,"",0,0,0,10,0,0,170,0
1,5,24,479,"YC00172","C相电网电流畸变率","4002001H","40020H",0,0,114,0,1,1,1,0,2,0,0,0,0,0,0,0,"",0,0,0,10,0,0,170,0
1,5,24,480,"YC00173","A相负载电流畸变率","4002101H","40021H",0,0,120,0,1,1,1,0,2,0,0,0,0,0,0,0,"",0,0,0,10,0,0,170,0
1,5,24,481,"YC00174","B相负载电流畸变率","4002201H","40022H",0,0,121,0,1,1,1,0,2,0,0,0,0,0,0,0,"",0,0,0,10,0,0,170,0
1,5,24,482,"YC00175","C相负载电流畸变率","4002301H","40023H",0,0,122,0,1,1,1,0,2,0,0,0,0,0,0,0,"",0,0,0,10,0,0,170,0
1,5,24,483,"YC00176","A相有功功率","4002401H","40024H",0,0,0,0,1,1,1,0,2,0,0,0,0,0,0,0,"",0,0,0,10,0,0,170,0
1,5,24,484,"YC00177","B相有功功率","4002501H","40025H",0,0,0,0,1,1,1,0,2,0,0,0,0,0,0,0,"",0,0,0,10,0,0,170,0
1,5,24,485,"YC00178","C相有功功率","4002601H","40026H",0,0,0,0,1,1,1,0,2,0,0,0,0,0,0,0,"",0,0,0,10,0,0,170,0
1,5,24,486,"YC00179","A相无功功率","4002701H","40027H",0,0,0,0,1,1,1,0,2,0,0,0,0,0,0,0,"",0,0,0,10,0,0,170,0
1,5,24,487,"YC00180","B相无功功率","4002801H","40028H",0,0,0,0,1,1,1,0,2,0,0,0,0,0,0,0,"",0,0,0,10,0,0,170,0
1,5,24,488,"YC00181","C相无功功率","4002901H","40029H",0,0,0,0,1,1,1,0,2,0,0,0,0,0,0,0,"",0,0,0,10,0,0,170,0
1,5,24,489,"YC00182","A相功率因数","4002A01H","4002AH",0,0,0,0,1,1,1,0,2,0,0,0,0,0,0,0,"",0,0,0,10,0,0,170,0
1,5,24,490,"YC00183","B相功率因数","4002B01H","4002BH",0,0,0,0,1,1,1,0,2,0,0,0,0,0,0,0,"",0,0,0,10,0,0,170,0
1,5,24,491,"YC00184","C相功率因数","4002C01H","4002CH",0,0,0,0,1,1,1,0,2,0,0,0,0,0,0,0,"",0,0,0,10,0,0,170,0
1,5,24,492,"YC00185","A相相角","4002D01H","4002DH",0,0,0,0,1,1,1,0,2,0,0,0,0,0,0,0,"",0,0,0,10,0,0,170,0
1,5,24,493,"YC00186","B相相角","4002E01H","4002EH",0,0,0,0,1,1,1,0,2,0,0,0,0,0,0,0,"",0,0,0,10,0,0,170,0
1,5,24,494,"YC00187","C相相角","4002F01H","4002FH",0,0,0,0,1,1,1,0,2,0,0,0,0,0,0,0,"",0,0,0,10,0,0,170,0
1,5,25,495,"YC00188","UAB线电压","4000701H","40007H",0,0,100,0,1,1,1,0,2,0,0,0,0,0,0,0,"",0,0,0,10,0,0,170,0
1,5,25,496,"YC00189","UBC线电压","4000801H","40008H",0,0,101,0,1,1,1,0,2,0,0,0,0,0,0,0,"",0,0,0,10,0,0,170,0
1,5,25,497,"YC00190","UCA线电压","4000901H","40009H",0,0,102,0,1,1,1,0,2,0,0,0,0,0,0,0,"",0,0,0,10,0,0,170,0
1,5,25,498,"YC00191","A相电网电流","4000A01H","4000AH",0,0,103,0,1,1,1,0,2,0,0,0,0,0,0,0,"",0,0,0,10,0,0,170,0
1,5,25,499,"YC00192","B相电网电流","4000B01H","4000BH",0,0,104,0,1,1,1,0,2,0,0,0,0,0,0,0,"",0,0,0,10,0,0,170,0
1,5,25,500,"YC00193","C相电网电流","4000C01H","4000CH",0,0,105,0,1,1,1,0,2,0,0,0,0,0,0,0,"",0,0,0,10,0,0,170,0
1,5,25,501,"YC00194","A相负载电流","4000D01H","4000DH",0,0,115,0,1,1,1,0,2,0,0,0,0,0,0,0,"",0,0,0,10,0,0,170,0
1,5,25,502,"YC00195","B相负载电流","4000E01H","4000EH",0,0,116,0,1,1,1,0,2,0,0,0,0,0,0,0,"",0,0,0,10,0,0,170,0
1,5,25,503,"YC00196","C相负载电流","4000F01H","4000FH",0,0,117,0,1,1,1,0,2,0,0,0,0,0,0,0,"",0,0,0,10,0,0,170,0
1,5,25,504,"YC00197","A相输出电流","4001001H","40010H",0,0,0,0,1,1,1,0,2,0,0,0,0,0,0,0,"",0,0,0,10,0,0,170,0
1,5,25,505,"YC00198","B相输出电流","4001101H","40011H",0,0,0,0,1,1,1,0,2,0,0,0,0,0,0,0,"",0,0,0,10,0,0,170,0
1,5,25,506,"YC00199","C相输出电流","4001201H","40012H",0,0,0,0,1,1,1,0,2,0,0,0,0,0,0,0,"",0,0,0,10,0,0,170,0
1,5,25,507,"YC00200","A相直流电压","4001301H","40013H",0,0,0,0,1,1,1,0,2,0,0,0,0,0,0,0,"",0,0,0,10,0,0,170,0
1,5,25,508,"YC00201","B相直流电压","4001401H","40014H",0,0,0,0,1,1,1,0,2,0,0,0,0,0,0,0,"",0,0,0,10,0,0,170,0
1,5,25,509,"YC00202","C相直流电压","4001501H","40015H",0,0,0,0,1,1,1,0,2,0,0,0,0,0,0,0,"",0,0,0,10,0,0,170,0
1,5,25,510,"YC00203","有功功率","4001601H","40016H",0,0,106,0,1,1,1,0,2,0,0,0,0,0,0,0,"",0,0,0,10,0,0,170,0
1,5,25,511,"YC00204","负载无功功率","4001701H","40017H",0,0,119,0,1,1,1,0,2,0,0,0,0,0,0,0,"",0,0,0,10,0,0,170,0
1,5,25,512,"YC00205","电网无功功率","4001801H","40018H",0,0,107,0,1,1,1,0,2,0,0,0,0,0,0,0,"",0,0,0,10,0,0,170,0
1,5,25,513,"YC00206","功率因数","4001901H","40019H",0,0,108,0,1,1,1,0,2,0,0,0,0,0,0,0,"",0,0,0,10,0,0,170,0
1,5,25,514,"YC00207","电网频率","4001A01H","4001AH",0,0,0,0,1,1,1,0,2,0,0,0,0,0,0,0,"",0,0,0,10,0,0,170,0
1,5,25,515,"YC00208","A相电网电压畸变率","4001B01H","4001BH",0,0,109,0,1,1,1,0,2,0,0,0,0,0,0,0,"",0,0,0,10,0,0,170,0
1,5,25,516,"YC00209","B相电网电压畸变率","4001C01H","4001CH",0,0,110,0,1,1,1,0,2,0,0,0,0,0,0,0,"",0,0,0,10,0,0,170,0
1,5,25,517,"YC00210","C相电网电压畸变率","4001D01H","4001DH",0,0,111,0,1,1,1,0,2,0,0,0,0,0,0,0,"",0,0,0,10,0,0,170,0
1,5,25,518,"YC00211","A相电网电流畸变率","4001E01H","4001EH",0,0,112,0,1,1,1,0,2,0,0,0,0,0,0,0,"",0,0,0,10,0,0,170,0
1,5,25,519,"YC00212","B相电网电流畸变率","4001F01H","4001FH",0,0,113,0,1,1,1,0,2,0,0,0,0,0,0,0,"",0,0,0,10,0,0,170,0
1,5,25,520,"YC00213","C相电网电流畸变率","4002001H","40020H",0,0,0,0,1,1,1,0,2,0,0,0,0,0,0,0,"",0,0,0,10,0,0,170,0
1,5,25,521,"YC00214","A相负载电流畸变率","4002101H","40021H",0,0,0,0,1,1,1,0,2,0,0,0,0,0,0,0,"",0,0,0,10,0,0,170,0
1,5,25,522,"YC00215","B相负载电流畸变率","4002201H","40022H",0,0,0,0,1,1,1,0,2,0,0,0,0,0,0,0,"",0,0,0,10,0,0,170,0
1,5,25,523,"YC00216","C相负载电流畸变率","4002301H","40023H",0,0,0,0,1,1,1,0,2,0,0,0,0,0,0,0,"",0,0,0,10,0,0,170,0
1,5,25,524,"YC00217","A相有功功率","4002401H","40024H",0,0,0,0,1,1,1,0,2,0,0,0,0,0,0,0,"",0,0,0,10,0,0,170,0
1,5,25,525,"YC00218","B相有功功率","4002501H","40025H",0,0,0,0,1,1,1,0,2,0,0,0,0,0,0,0,"",0,0,0,10,0,0,170,0
1,5,25,526,"YC00219","C相有功功率","4002601H","40026H",0,0,0,0,1,1,1,0,2,0,0,0,0,0,0,0,"",0,0,0,10,0,0,170,0
1,5,25,527,"YC00220","A相无功功率","4002701H","40027H",0,0,0,0,1,1,1,0,2,0,0,0,0,0,0,0,"",0,0,0,10,0,0,170,0
1,5,25,528,"YC00221","B相无功功率","4002801H","40028H",0,0,0,0,1,1,1,0,2,0,0,0,0,0,0,0,"",0,0,0,10,0,0,170,0
1,5,25,529,"YC00222","C相无功功率","4002901H","40029H",0,0,0,0,1,1,1,0,2,0,0,0,0,0,0,0,"",0,0,0,10,0,0,170,0
1,5,25,530,"YC00223","A相功率因数","4002A01H","4002AH",0,0,0,0,1,1,1,0,2,0,0,0,0,0,0,0,"",0,0,0,10,0,0,170,0
1,5,25,531,"YC00224","B相功率因数","4002B01H","4002BH",0,0,0,0,1,1,1,0,2,0,0,0,0,0,0,0,"",0,0,0,10,0,0,170,0
1,5,25,532,"YC00225","C相功率因数","4002C01H","4002CH",0,0,0,0,1,1,1,0,2,0,0,0,0,0,0,0,"",0,0,0,10,0,0,170,0
1,5,25,533,"YC00226","A相相角","4002D01H","4002DH",0,0,0,0,1,1,1,0,2,0,0,0,0,0,0,0,"",0,0,0,10,0,0,170,0
1,5,25,534,"YC00227","B相相角","4002E01H","4002EH",0,0,0,0,1,1,1,0,2,0,0,0,0,0,0,0,"",0,0,0,10,0,0,170,0
1,5,25,535,"YC00228","C相相角","4002F01H","4002FH",0,0,0,0,1,1,1,0,2,0,0,0,0,0,0,0,"",0,0,0,10,0,0,170,0
